id,emotion,confidence,timestamp
1,outer,0.7,2025-11-15 06:32:33
2,long_pants,0.8,2025-11-15 06:32:33
3,outer,0.79,2025-11-09 23:32:59
4,long_pants,0.97,2025-11-09 23:32:59
5,outer,0.89,2025-11-13 20:57:04
6,long_pants,0.74,2025-11-13 20:57:04
7,t-shirt,0.94,2025-10-30 14:49:08
8,shorts,0.79,2025-10-30 14:49:08
9,sweater,0.88,2025-11-24 14:41:26
10,skirt,0.79,2025-11-24 14:41:26
11,outer,0.9,2025-11-17 17:22:26
12,skirt,0.72,2025-11-17 17:22:26
13,t-shirt,0.7,2025-11-15 07:45:59
14,long_pants,0.85,2025-11-15 07:45:59
15,sweater,0.88,2025-11-14 10:04:28
16,shorts,0.75,2025-11-14 10:04:28
17,shirt,0.79,2025-11-12 17:29:28
18,long_pants,0.79,2025-11-12 17:29:28
19,outer,0.71,2025-11-13 14:03:44
20,skirt,0.96,2025-11-13 14:03:44
21,sweater,0.91,2025-10-27 09:11:03
22,long_pants,0.96,2025-10-27 09:11:03
23,outer,0.91,2025-11-01 15:55:37
24,shorts,0.73,2025-11-01 15:55:37
25,t-shirt,0.75,2025-11-12 14:17:14
26,long_pants,0.79,2025-11-12 14:17:14
27,shirt,0.84,2025-10-30 20:48:31
28,long_pants,0.89,2025-10-30 20:48:31
29,sweater,0.87,2025-10-27 06:07:31
30,long_pants,0.91,2025-10-27 06:07:31
31,outer,0.93,2025-10-25 22:31:10
32,shorts,0.84,2025-10-25 22:31:10
33,shirt,0.85,2025-11-08 12:31:36
34,shorts,0.78,2025-11-08 12:31:36
35,sweater,0.97,2025-11-05 16:38:23
36,long_pants,0.74,2025-11-05 16:38:23
37,t-shirt,0.81,2025-11-04 14:28:29
38,skirt,0.7,2025-11-04 14:28:29
39,t-shirt,0.96,2025-11-01 07:02:18
40,long_pants,0.98,2025-11-01 07:02:18
41,t-shirt,0.9,2025-11-15 12:06:25
42,skirt,0.93,2025-11-15 12:06:25
43,shirt,0.73,2025-10-25 10:56:23
44,long_pants,0.8,2025-10-25 10:56:23
45,outer,0.74,2025-11-07 07:11:20
46,long_pants,0.8,2025-11-07 07:11:20
47,t-shirt,0.75,2025-11-13 22:58:41
48,skirt,0.92,2025-11-13 22:58:41
49,sweater,0.9,2025-10-27 20:17:18
50,long_pants,0.76,2025-10-27 20:17:18
51,sweater,0.86,2025-10-25 19:28:40
52,long_pants,0.76,2025-10-25 19:28:40
53,sweater,0.77,2025-11-18 18:28:57
54,long_pants,0.71,2025-11-18 18:28:57
55,outer,0.91,2025-10-24 14:47:48
56,skirt,0.93,2025-10-24 14:47:48
57,t-shirt,0.92,2025-11-23 16:14:08
58,shorts,0.87,2025-11-23 16:14:08
59,outer,0.8,2025-11-15 22:27:34
60,long_pants,0.81,2025-11-15 22:27:34
61,outer,0.84,2025-10-31 12:05:33
62,shorts,0.8,2025-10-31 12:05:33
63,sweater,0.85,2025-11-02 09:15:33
64,skirt,0.98,2025-11-02 09:15:33
65,sweater,0.7,2025-11-24 20:21:58
66,shorts,0.95,2025-11-24 20:21:58
67,t-shirt,0.97,2025-11-18 06:23:55
68,long_pants,0.72,2025-11-18 06:23:55
69,sweater,0.79,2025-10-28 06:10:31
70,shorts,0.92,2025-10-28 06:10:31
71,outer,0.93,2025-11-20 08:52:35
72,long_pants,0.88,2025-11-20 08:52:35
73,outer,0.94,2025-10-29 11:51:44
74,shorts,0.76,2025-10-29 11:51:44
75,shirt,0.78,2025-11-08 19:36:34
76,long_pants,0.98,2025-11-08 19:36:34
77,blouse,0.97,2025-11-19 19:54:07
78,long_pants,0.89,2025-11-19 19:54:07
79,outer,0.73,2025-11-12 22:30:26
80,long_pants,0.8,2025-11-12 22:30:26
81,outer,0.76,2025-11-05 07:50:38
82,long_pants,0.83,2025-11-05 07:50:38
83,t-shirt,0.76,2025-11-09 10:16:30
84,long_pants,0.99,2025-11-09 10:16:30
85,sweater,0.82,2025-10-25 11:03:50
86,skirt,0.82,2025-10-25 11:03:50
87,t-shirt,0.96,2025-11-23 16:09:11
88,long_pants,0.77,2025-11-23 16:09:11
89,outer,0.94,2025-10-31 13:15:57
90,shorts,0.74,2025-10-31 13:15:57
91,t-shirt,0.89,2025-11-11 15:47:00
92,shorts,0.95,2025-11-11 15:47:00
93,sweater,0.74,2025-10-28 17:00:40
94,long_pants,0.83,2025-10-28 17:00:40
95,sweater,0.85,2025-10-29 10:40:21
96,skirt,0.87,2025-10-29 10:40:21
97,outer,0.97,2025-11-06 21:25:17
98,long_pants,0.77,2025-11-06 21:25:17
99,t-shirt,0.7,2025-10-29 20:04:07
100,long_pants,0.95,2025-10-29 20:04:07
101,blouse,0.8,2025-10-29 13:18:32
102,shorts,0.92,2025-10-29 13:18:32
103,sweater,0.97,2025-11-04 15:59:58
104,shorts,0.77,2025-11-04 15:59:58
105,outer,0.85,2025-11-20 07:45:38
106,long_pants,0.74,2025-11-20 07:45:38
107,blouse,0.99,2025-10-25 12:51:57
108,shorts,0.95,2025-10-25 12:51:57
109,sweater,0.86,2025-11-10 09:33:00
110,shorts,0.89,2025-11-10 09:33:00
111,t-shirt,0.9,2025-11-04 12:41:54
112,shorts,0.72,2025-11-04 12:41:54
113,shirt,0.85,2025-11-01 14:32:30
114,long_pants,0.91,2025-11-01 14:32:30
115,shirt,0.87,2025-11-22 13:08:40
116,skirt,0.96,2025-11-22 13:08:40
117,shirt,0.88,2025-11-07 16:18:25
118,shorts,0.88,2025-11-07 16:18:25
119,shirt,0.85,2025-10-24 14:46:10
120,long_pants,0.98,2025-10-24 14:46:10
121,sweater,0.77,2025-11-05 12:28:57
122,long_pants,0.83,2025-11-05 12:28:57
123,t-shirt,0.7,2025-11-21 10:55:02
124,skirt,0.8,2025-11-21 10:55:02
125,outer,0.99,2025-11-23 21:15:31
126,long_pants,0.96,2025-11-23 21:15:31
127,sweater,0.92,2025-10-28 14:31:05
128,long_pants,0.78,2025-10-28 14:31:05
129,outer,0.86,2025-11-24 08:22:02
130,long_pants,0.86,2025-11-24 08:22:02
131,t-shirt,0.93,2025-11-21 13:28:14
132,skirt,0.8,2025-11-21 13:28:14
133,t-shirt,0.81,2025-11-24 20:35:29
134,shorts,0.95,2025-11-24 20:35:29
135,outer,0.85,2025-11-03 22:31:28
136,long_pants,0.8,2025-11-03 22:31:28
137,outer,0.76,2025-11-10 23:57:32
138,long_pants,0.96,2025-11-10 23:57:32
139,t-shirt,0.89,2025-11-15 17:15:55
140,shorts,0.7,2025-11-15 17:15:55
141,sweater,0.73,2025-11-11 14:39:53
142,long_pants,0.96,2025-11-11 14:39:53
143,blouse,0.87,2025-10-25 17:57:28
144,shorts,0.92,2025-10-25 17:57:28
145,shirt,0.79,2025-11-15 07:08:28
146,long_pants,0.78,2025-11-15 07:08:28
147,shirt,0.8,2025-10-25 15:20:33
148,shorts,0.87,2025-10-25 15:20:33
149,outer,0.74,2025-11-20 20:45:25
150,shorts,0.9,2025-11-20 20:45:25
151,outer,0.99,2025-11-10 22:45:29
152,skirt,0.83,2025-11-10 22:45:29
153,t-shirt,0.89,2025-11-20 21:21:44
154,long_pants,0.96,2025-11-20 21:21:44
155,shirt,0.94,2025-11-05 08:35:54
156,shorts,0.93,2025-11-05 08:35:54
157,shirt,0.92,2025-11-24 14:37:04
158,long_pants,0.96,2025-11-24 14:37:04
159,outer,0.85,2025-11-22 07:23:26
160,shorts,0.98,2025-11-22 07:23:26
161,t-shirt,0.93,2025-11-23 21:03:09
162,long_pants,0.71,2025-11-23 21:03:09
163,blouse,0.81,2025-11-17 17:51:45
164,shorts,0.91,2025-11-17 17:51:45
165,outer,0.71,2025-11-19 23:54:13
166,skirt,0.96,2025-11-19 23:54:13
167,shirt,0.72,2025-10-30 11:38:15
168,long_pants,0.79,2025-10-30 11:38:15
169,sweater,0.83,2025-11-10 11:20:01
170,skirt,0.75,2025-11-10 11:20:01
171,t-shirt,0.8,2025-10-25 12:56:12
172,skirt,0.94,2025-10-25 12:56:12
173,t-shirt,0.92,2025-11-20 15:38:07
174,skirt,0.81,2025-11-20 15:38:07
175,sweater,0.88,2025-11-15 18:41:25
176,shorts,0.79,2025-11-15 18:41:25
177,t-shirt,0.88,2025-11-13 16:24:45
178,long_pants,0.93,2025-11-13 16:24:45
179,t-shirt,0.77,2025-10-26 20:24:52
180,long_pants,0.74,2025-10-26 20:24:52
181,t-shirt,0.9,2025-11-08 11:36:19
182,shorts,0.85,2025-11-08 11:36:19
183,blouse,0.92,2025-11-01 16:27:45
184,shorts,0.88,2025-11-01 16:27:45
185,sweater,0.73,2025-11-21 09:44:20
186,long_pants,0.83,2025-11-21 09:44:20
187,t-shirt,0.97,2025-11-24 15:42:43
188,shorts,0.94,2025-11-24 15:42:43
189,t-shirt,0.81,2025-10-29 16:05:15
190,long_pants,0.74,2025-10-29 16:05:15
191,outer,0.97,2025-11-21 08:00:27
192,long_pants,0.74,2025-11-21 08:00:27
193,t-shirt,0.79,2025-11-03 14:59:15
194,long_pants,0.91,2025-11-03 14:59:15
195,sweater,0.73,2025-11-15 11:32:54
196,long_pants,0.86,2025-11-15 11:32:54
197,t-shirt,0.88,2025-10-28 08:03:00
198,long_pants,0.98,2025-10-28 08:03:00
199,blouse,0.75,2025-10-31 14:47:22
200,skirt,0.73,2025-10-31 14:47:22
201,t-shirt,0.72,2025-11-17 11:44:19
202,skirt,0.78,2025-11-17 11:44:19
203,outer,0.73,2025-11-04 21:36:25
204,long_pants,0.91,2025-11-04 21:36:25
205,blouse,0.79,2025-10-31 07:24:16
206,long_pants,0.98,2025-10-31 07:24:16
207,t-shirt,0.86,2025-11-07 17:55:42
208,long_pants,0.86,2025-11-07 17:55:42
209,sweater,0.96,2025-10-31 23:31:11
210,shorts,0.83,2025-10-31 23:31:11
211,t-shirt,0.95,2025-10-27 23:22:23
212,long_pants,0.95,2025-10-27 23:22:23
213,outer,0.82,2025-11-15 22:39:23
214,long_pants,0.95,2025-11-15 22:39:23
215,t-shirt,0.71,2025-11-02 19:18:21
216,long_pants,0.78,2025-11-02 19:18:21
217,shirt,0.81,2025-10-24 17:12:13
218,long_pants,0.73,2025-10-24 17:12:13
219,shirt,0.83,2025-11-10 15:59:02
220,skirt,0.81,2025-11-10 15:59:02
221,t-shirt,0.71,2025-11-03 20:01:28
222,long_pants,0.85,2025-11-03 20:01:28
223,t-shirt,0.87,2025-10-29 14:24:24
224,shorts,0.81,2025-10-29 14:24:24
225,sweater,0.8,2025-11-09 22:14:55
226,long_pants,0.91,2025-11-09 22:14:55
227,t-shirt,0.72,2025-10-27 23:38:57
228,skirt,0.8,2025-10-27 23:38:57
229,outer,0.92,2025-11-20 07:13:07
230,long_pants,0.87,2025-11-20 07:13:07
231,t-shirt,0.82,2025-11-15 15:02:37
232,long_pants,0.87,2025-11-15 15:02:37
233,shirt,0.78,2025-10-30 20:40:29
234,long_pants,0.77,2025-10-30 20:40:29
235,sweater,0.98,2025-11-17 10:50:31
236,shorts,0.79,2025-11-17 10:50:31
237,t-shirt,0.81,2025-11-02 21:08:24
238,long_pants,0.82,2025-11-02 21:08:24
239,shirt,0.91,2025-11-16 15:31:28
240,shorts,0.94,2025-11-16 15:31:28
241,shirt,0.82,2025-11-20 07:05:35
242,long_pants,0.95,2025-11-20 07:05:35
243,outer,0.8,2025-11-19 22:57:31
244,long_pants,0.8,2025-11-19 22:57:31
245,sweater,0.88,2025-10-31 18:03:31
246,long_pants,0.97,2025-10-31 18:03:31
247,sweater,0.84,2025-10-25 12:54:33
248,skirt,0.74,2025-10-25 12:54:33
249,t-shirt,0.84,2025-11-16 10:32:02
250,skirt,0.96,2025-11-16 10:32:02
251,outer,0.72,2025-11-13 06:39:42
252,long_pants,0.92,2025-11-13 06:39:42
253,t-shirt,0.92,2025-11-11 18:55:38
254,shorts,0.85,2025-11-11 18:55:38
255,t-shirt,0.78,2025-11-10 11:53:08
256,skirt,0.9,2025-11-10 11:53:08
257,t-shirt,0.97,2025-11-21 11:54:43
258,long_pants,0.88,2025-11-21 11:54:43
259,sweater,0.83,2025-10-27 19:07:57
260,long_pants,0.72,2025-10-27 19:07:57
261,shirt,0.71,2025-11-06 14:48:46
262,skirt,0.98,2025-11-06 14:48:46
263,sweater,0.83,2025-10-25 13:58:50
264,shorts,0.77,2025-10-25 13:58:50
265,shirt,0.89,2025-10-28 15:12:18
266,shorts,0.94,2025-10-28 15:12:18
267,sweater,0.71,2025-10-30 11:10:41
268,shorts,0.83,2025-10-30 11:10:41
269,t-shirt,0.85,2025-11-21 23:46:20
270,skirt,0.81,2025-11-21 23:46:20
271,t-shirt,0.91,2025-10-26 13:31:36
272,shorts,0.73,2025-10-26 13:31:36
273,outer,0.85,2025-11-11 21:42:01
274,long_pants,0.8,2025-11-11 21:42:01
275,sweater,0.94,2025-10-31 17:05:53
276,long_pants,0.81,2025-10-31 17:05:53
277,t-shirt,0.73,2025-10-25 23:26:28
278,shorts,0.76,2025-10-25 23:26:28
279,t-shirt,0.82,2025-11-01 22:20:23
280,shorts,0.75,2025-11-01 22:20:23
281,t-shirt,0.89,2025-11-10 10:07:25
282,long_pants,0.8,2025-11-10 10:07:25
283,sweater,0.92,2025-11-07 09:36:55
284,long_pants,0.82,2025-11-07 09:36:55
285,t-shirt,0.88,2025-10-26 11:32:52
286,shorts,0.98,2025-10-26 11:32:52
287,t-shirt,0.81,2025-11-21 16:21:11
288,long_pants,0.87,2025-11-21 16:21:11
289,t-shirt,0.91,2025-10-27 12:31:55
290,shorts,0.97,2025-10-27 12:31:55
291,t-shirt,0.77,2025-11-21 22:29:11
292,long_pants,0.96,2025-11-21 22:29:11
293,outer,0.74,2025-10-28 19:14:19
294,skirt,0.76,2025-10-28 19:14:19
295,t-shirt,0.84,2025-10-24 18:47:50
296,long_pants,0.7,2025-10-24 18:47:50
297,blouse,0.78,2025-10-31 22:31:41
298,skirt,0.7,2025-10-31 22:31:41
299,sweater,0.94,2025-10-30 18:21:17
300,long_pants,0.88,2025-10-30 18:21:17
301,outer,0.99,2025-10-26 16:52:49
302,shorts,0.82,2025-10-26 16:52:49
303,t-shirt,0.88,2025-11-18 08:47:18
304,long_pants,0.94,2025-11-18 08:47:18
305,sweater,0.74,2025-11-19 07:07:50
306,long_pants,0.98,2025-11-19 07:07:50
307,outer,0.9,2025-10-30 09:19:36
308,shorts,0.9,2025-10-30 09:19:36
309,outer,0.88,2025-11-20 23:31:18
310,long_pants,0.92,2025-11-20 23:31:18
311,sweater,0.88,2025-11-03 12:55:09
312,long_pants,0.76,2025-11-03 12:55:09
313,shirt,0.91,2025-11-24 17:52:14
314,shorts,0.9,2025-11-24 17:52:14
315,blouse,0.82,2025-11-17 18:32:42
316,long_pants,0.94,2025-11-17 18:32:42
317,shirt,0.87,2025-11-22 23:00:46
318,shorts,0.93,2025-11-22 23:00:46
319,shirt,0.75,2025-11-01 20:24:07
320,skirt,0.87,2025-11-01 20:24:07
321,t-shirt,0.94,2025-11-08 12:36:09
322,shorts,0.8,2025-11-08 12:36:09
323,t-shirt,0.74,2025-11-12 13:00:37
324,shorts,0.96,2025-11-12 13:00:37
325,outer,0.9,2025-10-24 22:10:13
326,long_pants,0.79,2025-10-24 22:10:13
327,t-shirt,0.72,2025-11-17 18:49:32
328,skirt,0.93,2025-11-17 18:49:32
329,blouse,0.76,2025-11-11 06:01:26
330,long_pants,0.95,2025-11-11 06:01:26
331,t-shirt,0.84,2025-11-04 17:27:17
332,shorts,0.98,2025-11-04 17:27:17
333,t-shirt,0.74,2025-11-02 16:02:31
334,skirt,0.94,2025-11-02 16:02:31
335,outer,0.85,2025-11-23 13:16:50
336,shorts,0.78,2025-11-23 13:16:50
337,shirt,0.74,2025-10-24 19:58:59
338,skirt,0.72,2025-10-24 19:58:59
339,outer,0.96,2025-11-17 23:35:43
340,long_pants,0.83,2025-11-17 23:35:43
341,outer,0.83,2025-10-29 18:09:31
342,long_pants,0.83,2025-10-29 18:09:31
343,outer,0.9,2025-11-17 23:01:17
344,skirt,0.87,2025-11-17 23:01:17
345,t-shirt,0.83,2025-10-29 23:20:28
346,skirt,0.73,2025-10-29 23:20:28
347,t-shirt,0.8,2025-11-19 19:24:30
348,long_pants,0.8,2025-11-19 19:24:30
349,sweater,0.75,2025-10-29 17:04:06
350,shorts,0.82,2025-10-29 17:04:06
351,outer,0.83,2025-11-05 21:42:48
352,long_pants,0.7,2025-11-05 21:42:48
353,outer,0.91,2025-11-20 08:55:28
354,long_pants,0.76,2025-11-20 08:55:28
355,sweater,0.98,2025-11-23 22:39:04
356,long_pants,0.73,2025-11-23 22:39:04
357,t-shirt,0.81,2025-10-30 09:00:03
358,skirt,0.83,2025-10-30 09:00:03
359,t-shirt,0.96,2025-10-28 12:27:23
360,long_pants,0.92,2025-10-28 12:27:23
361,sweater,0.93,2025-11-19 21:18:44
362,skirt,0.84,2025-11-19 21:18:44
363,shirt,0.7,2025-11-15 22:58:23
364,skirt,0.9,2025-11-15 22:58:23
365,shirt,0.84,2025-11-17 15:40:26
366,long_pants,0.88,2025-11-17 15:40:26
367,outer,0.9,2025-11-22 12:04:26
368,long_pants,0.87,2025-11-22 12:04:26
369,shirt,0.86,2025-10-24 06:04:31
370,shorts,0.84,2025-10-24 06:04:31
371,blouse,0.76,2025-11-01 19:56:43
372,skirt,0.78,2025-11-01 19:56:43
373,t-shirt,0.87,2025-11-16 19:27:43
374,skirt,0.71,2025-11-16 19:27:43
375,outer,0.78,2025-10-29 14:45:27
376,long_pants,0.98,2025-10-29 14:45:27
377,shirt,0.94,2025-11-02 13:31:05
378,skirt,0.96,2025-11-02 13:31:05
379,sweater,0.91,2025-11-10 08:28:20
380,long_pants,0.96,2025-11-10 08:28:20
381,t-shirt,0.86,2025-11-21 20:14:37
382,skirt,0.72,2025-11-21 20:14:37
383,sweater,0.98,2025-10-31 06:31:09
384,long_pants,0.94,2025-10-31 06:31:09
385,sweater,0.73,2025-11-23 09:00:17
386,long_pants,0.73,2025-11-23 09:00:17
387,sweater,0.72,2025-11-23 18:36:32
388,long_pants,0.99,2025-11-23 18:36:32
389,outer,0.94,2025-11-10 08:50:40
390,long_pants,0.93,2025-11-10 08:50:40
391,shirt,0.81,2025-11-24 20:41:13
392,skirt,0.8,2025-11-24 20:41:13
393,outer,0.85,2025-11-08 22:29:05
394,long_pants,0.93,2025-11-08 22:29:05
395,sweater,0.95,2025-11-02 11:42:57
396,shorts,0.8,2025-11-02 11:42:57
397,t-shirt,0.78,2025-11-17 20:48:04
398,long_pants,0.71,2025-11-17 20:48:04
399,outer,0.83,2025-10-31 22:58:40
400,shorts,0.71,2025-10-31 22:58:40
401,outer,0.96,2025-11-05 06:10:48
402,long_pants,0.9,2025-11-05 06:10:48
403,blouse,0.8,2025-11-14 11:16:26
404,shorts,0.74,2025-11-14 11:16:26
405,blouse,0.92,2025-11-20 09:56:23
406,long_pants,0.93,2025-11-20 09:56:23
407,outer,0.71,2025-11-17 15:41:52
408,shorts,0.95,2025-11-17 15:41:52
409,sweater,0.78,2025-11-14 12:22:47
410,long_pants,0.93,2025-11-14 12:22:47
411,outer,0.87,2025-11-09 21:56:20
412,skirt,0.97,2025-11-09 21:56:20
413,sweater,0.74,2025-10-27 17:04:15
414,long_pants,0.94,2025-10-27 17:04:15
415,t-shirt,0.84,2025-11-08 19:06:37
416,shorts,0.78,2025-11-08 19:06:37
417,blouse,0.96,2025-11-16 22:10:15
418,long_pants,0.71,2025-11-16 22:10:15
419,outer,0.73,2025-10-25 23:46:10
420,long_pants,0.88,2025-10-25 23:46:10
421,outer,0.71,2025-11-13 08:56:18
422,long_pants,0.86,2025-11-13 08:56:18
423,t-shirt,0.77,2025-11-22 07:38:24
424,long_pants,0.91,2025-11-22 07:38:24
425,shirt,0.75,2025-11-09 12:06:57
426,shorts,0.73,2025-11-09 12:06:57
427,shirt,0.78,2025-11-16 12:20:29
428,long_pants,0.98,2025-11-16 12:20:29
429,outer,0.95,2025-11-07 09:47:00
430,shorts,0.8,2025-11-07 09:47:00
431,outer,0.95,2025-11-24 14:43:52
432,shorts,0.86,2025-11-24 14:43:52
433,t-shirt,0.76,2025-11-24 18:11:41
434,long_pants,0.95,2025-11-24 18:11:41
435,sweater,0.77,2025-10-26 15:30:41
436,long_pants,0.8,2025-10-26 15:30:41
437,outer,0.91,2025-10-26 16:39:02
438,long_pants,0.77,2025-10-26 16:39:02
439,t-shirt,0.73,2025-10-25 10:07:12
440,shorts,0.79,2025-10-25 10:07:12
441,t-shirt,0.98,2025-10-24 08:10:48
442,long_pants,0.93,2025-10-24 08:10:48
443,outer,0.85,2025-11-14 16:21:06
444,shorts,0.84,2025-11-14 16:21:06
445,sweater,0.9,2025-10-26 22:32:37
446,skirt,0.84,2025-10-26 22:32:37
447,outer,0.83,2025-10-28 09:07:25
448,long_pants,0.93,2025-10-28 09:07:25
449,t-shirt,0.84,2025-11-03 14:59:56
450,skirt,0.98,2025-11-03 14:59:56
451,shirt,0.85,2025-11-07 15:15:12
452,shorts,0.74,2025-11-07 15:15:12
453,sweater,0.8,2025-11-24 06:26:27
454,long_pants,0.96,2025-11-24 06:26:27
455,t-shirt,0.97,2025-11-02 14:52:21
456,skirt,0.84,2025-11-02 14:52:21
457,outer,0.78,2025-11-01 23:19:24
458,long_pants,0.93,2025-11-01 23:19:24
459,outer,0.86,2025-11-13 08:10:22
460,long_pants,0.85,2025-11-13 08:10:22
461,t-shirt,0.85,2025-11-21 17:34:20
462,long_pants,0.81,2025-11-21 17:34:20
463,t-shirt,0.72,2025-11-05 21:59:59
464,skirt,0.86,2025-11-05 21:59:59
465,sweater,0.8,2025-11-24 13:20:25
466,skirt,0.83,2025-11-24 13:20:25
467,sweater,0.96,2025-11-20 17:27:42
468,long_pants,0.71,2025-11-20 17:27:42
469,outer,0.9,2025-11-10 09:06:05
470,long_pants,0.77,2025-11-10 09:06:05
471,outer,0.92,2025-11-22 09:28:30
472,long_pants,0.96,2025-11-22 09:28:30
473,t-shirt,0.9,2025-11-19 18:56:23
474,shorts,0.94,2025-11-19 18:56:23
475,blouse,0.71,2025-11-01 13:26:14
476,shorts,0.96,2025-11-01 13:26:14
477,outer,0.94,2025-11-12 15:09:29
478,long_pants,0.91,2025-11-12 15:09:29
479,outer,0.71,2025-11-01 12:05:46
480,shorts,0.86,2025-11-01 12:05:46
481,outer,0.86,2025-11-17 18:18:10
482,shorts,0.9,2025-11-17 18:18:10
483,t-shirt,0.89,2025-10-24 08:09:37
484,shorts,0.75,2025-10-24 08:09:37
485,t-shirt,0.9,2025-11-14 17:13:16
486,long_pants,0.97,2025-11-14 17:13:16
487,outer,0.96,2025-11-07 11:24:03
488,skirt,0.82,2025-11-07 11:24:03
489,t-shirt,0.85,2025-11-22 16:57:06
490,long_pants,0.93,2025-11-22 16:57:06
491,t-shirt,0.78,2025-11-10 18:27:11
492,long_pants,0.99,2025-11-10 18:27:11
493,t-shirt,0.77,2025-11-23 11:57:06
494,long_pants,0.92,2025-11-23 11:57:06
495,t-shirt,0.85,2025-11-05 09:26:31
496,long_pants,0.81,2025-11-05 09:26:31
497,outer,0.81,2025-11-04 08:11:47
498,long_pants,0.95,2025-11-04 08:11:47
499,sweater,0.76,2025-11-23 20:29:44
500,long_pants,0.91,2025-11-23 20:29:44
501,outer,0.91,2025-11-21 15:37:08
502,long_pants,0.9,2025-11-21 15:37:08
503,t-shirt,0.73,2025-10-31 13:39:40
504,long_pants,0.8,2025-10-31 13:39:40
505,sweater,0.8,2025-11-13 19:56:47
506,long_pants,0.83,2025-11-13 19:56:47
507,t-shirt,0.75,2025-11-11 21:30:08
508,long_pants,0.72,2025-11-11 21:30:08
509,shirt,0.86,2025-11-01 18:39:10
510,long_pants,0.93,2025-11-01 18:39:10
511,outer,0.81,2025-11-13 07:05:19
512,shorts,0.91,2025-11-13 07:05:19
513,outer,0.93,2025-10-30 07:30:51
514,long_pants,0.81,2025-10-30 07:30:51
515,outer,0.75,2025-10-31 19:18:46
516,long_pants,0.72,2025-10-31 19:18:46
517,outer,0.78,2025-11-22 15:09:42
518,shorts,0.77,2025-11-22 15:09:42
519,t-shirt,0.73,2025-11-08 14:14:29
520,long_pants,0.87,2025-11-08 14:14:29
521,sweater,0.77,2025-11-14 22:18:50
522,long_pants,0.95,2025-11-14 22:18:50
523,t-shirt,0.73,2025-11-24 18:06:16
524,skirt,0.76,2025-11-24 18:06:16
525,sweater,0.82,2025-11-06 11:49:38
526,shorts,0.82,2025-11-06 11:49:38
527,t-shirt,0.92,2025-10-29 16:02:32
528,skirt,0.93,2025-10-29 16:02:32
529,t-shirt,0.8,2025-11-13 22:21:05
530,long_pants,0.97,2025-11-13 22:21:05
531,outer,0.86,2025-11-04 21:32:06
532,shorts,0.92,2025-11-04 21:32:06
533,t-shirt,0.84,2025-10-24 15:28:13
534,shorts,0.92,2025-10-24 15:28:13
535,t-shirt,0.74,2025-11-20 07:47:04
536,shorts,0.92,2025-11-20 07:47:04
537,sweater,0.81,2025-11-18 11:42:36
538,long_pants,0.8,2025-11-18 11:42:36
539,shirt,0.77,2025-11-11 12:35:06
540,long_pants,0.9,2025-11-11 12:35:06
541,t-shirt,0.91,2025-11-12 10:32:05
542,shorts,0.78,2025-11-12 10:32:05
543,t-shirt,0.89,2025-11-06 14:15:14
544,long_pants,0.93,2025-11-06 14:15:14
545,sweater,0.97,2025-11-02 20:30:51
546,long_pants,0.86,2025-11-02 20:30:51
547,blouse,0.9,2025-11-23 15:39:50
548,long_pants,0.85,2025-11-23 15:39:50
549,t-shirt,0.84,2025-10-26 17:04:11
550,long_pants,0.96,2025-10-26 17:04:11
551,t-shirt,0.71,2025-11-07 15:54:23
552,long_pants,0.75,2025-11-07 15:54:23
553,outer,0.76,2025-10-24 08:45:21
554,long_pants,0.84,2025-10-24 08:45:21
555,outer,0.81,2025-10-26 16:04:10
556,long_pants,0.74,2025-10-26 16:04:10
557,shirt,0.95,2025-11-09 21:47:24
558,skirt,0.94,2025-11-09 21:47:24
559,outer,0.89,2025-11-16 06:42:52
560,shorts,0.7,2025-11-16 06:42:52
561,outer,0.99,2025-11-22 19:20:08
562,long_pants,0.8,2025-11-22 19:20:08
563,shirt,0.85,2025-10-28 10:16:19
564,shorts,0.8,2025-10-28 10:16:19
565,sweater,0.95,2025-11-03 12:28:27
566,skirt,0.9,2025-11-03 12:28:27
567,sweater,0.95,2025-11-09 10:25:43
568,shorts,0.94,2025-11-09 10:25:43
569,sweater,0.78,2025-10-28 14:23:12
570,shorts,0.92,2025-10-28 14:23:12
571,shirt,0.89,2025-10-24 11:44:42
572,shorts,0.9,2025-10-24 11:44:42
573,sweater,0.97,2025-10-31 09:09:35
574,skirt,0.87,2025-10-31 09:09:35
575,outer,0.8,2025-10-24 21:48:24
576,long_pants,0.8,2025-10-24 21:48:24
577,outer,0.89,2025-11-19 06:00:38
578,long_pants,0.75,2025-11-19 06:00:38
579,sweater,0.81,2025-11-22 10:29:55
580,shorts,0.78,2025-11-22 10:29:55
581,sweater,0.84,2025-11-02 18:38:43
582,long_pants,0.75,2025-11-02 18:38:43
583,sweater,0.93,2025-11-16 20:23:14
584,long_pants,0.76,2025-11-16 20:23:14
585,sweater,0.72,2025-10-29 15:43:18
586,long_pants,0.85,2025-10-29 15:43:18
587,shirt,0.98,2025-11-09 18:34:51
588,shorts,0.72,2025-11-09 18:34:51
589,blouse,0.79,2025-11-17 09:42:56
590,long_pants,0.93,2025-11-17 09:42:56
591,t-shirt,0.71,2025-10-24 20:33:27
592,skirt,0.76,2025-10-24 20:33:27
593,t-shirt,0.87,2025-10-31 16:49:04
594,long_pants,0.81,2025-10-31 16:49:04
595,shirt,0.78,2025-11-09 15:50:40
596,shorts,0.98,2025-11-09 15:50:40
597,sweater,0.94,2025-11-20 21:31:51
598,skirt,0.79,2025-11-20 21:31:51
599,t-shirt,0.87,2025-11-13 13:23:40
600,long_pants,0.71,2025-11-13 13:23:40
601,sweater,0.95,2025-11-19 08:33:51
602,skirt,0.95,2025-11-19 08:33:51
603,t-shirt,0.97,2025-11-17 19:37:27
604,long_pants,0.87,2025-11-17 19:37:27
605,t-shirt,0.9,2025-11-22 23:00:40
606,shorts,0.72,2025-11-22 23:00:40
607,outer,0.71,2025-11-10 07:52:55
608,skirt,0.96,2025-11-10 07:52:55
609,t-shirt,0.95,2025-11-03 14:58:50
610,long_pants,0.73,2025-11-03 14:58:50
611,sweater,0.84,2025-11-10 10:45:35
612,skirt,0.9,2025-11-10 10:45:35
613,t-shirt,0.73,2025-10-25 13:20:36
614,shorts,0.99,2025-10-25 13:20:36
615,blouse,0.94,2025-11-06 14:25:41
616,shorts,0.76,2025-11-06 14:25:41
617,t-shirt,0.9,2025-11-03 14:36:55
618,skirt,0.72,2025-11-03 14:36:55
619,outer,0.82,2025-10-30 06:53:53
620,long_pants,0.78,2025-10-30 06:53:53
621,sweater,0.96,2025-10-30 15:56:40
622,long_pants,0.86,2025-10-30 15:56:40
623,sweater,0.7,2025-11-22 08:29:12
624,long_pants,0.86,2025-11-22 08:29:12
625,t-shirt,0.7,2025-11-15 18:19:09
626,long_pants,0.74,2025-11-15 18:19:09
627,shirt,0.87,2025-11-17 16:13:20
628,long_pants,0.8,2025-11-17 16:13:20
629,blouse,0.74,2025-11-09 07:50:06
630,skirt,0.84,2025-11-09 07:50:06
631,t-shirt,0.93,2025-11-21 13:47:06
632,skirt,0.76,2025-11-21 13:47:06
633,outer,0.9,2025-11-24 13:21:08
634,shorts,0.94,2025-11-24 13:21:08
635,shirt,0.8,2025-11-05 17:01:32
636,long_pants,0.84,2025-11-05 17:01:32
637,t-shirt,0.7,2025-11-06 15:33:30
638,skirt,0.77,2025-11-06 15:33:30
639,sweater,0.72,2025-11-18 06:55:37
640,long_pants,0.72,2025-11-18 06:55:37
641,outer,0.8,2025-10-25 08:57:26
642,long_pants,0.87,2025-10-25 08:57:26
643,t-shirt,0.97,2025-11-11 16:55:30
644,skirt,0.86,2025-11-11 16:55:30
645,outer,0.8,2025-11-12 09:37:52
646,long_pants,0.98,2025-11-12 09:37:52
647,t-shirt,0.71,2025-11-05 14:23:37
648,long_pants,0.96,2025-11-05 14:23:37
649,outer,0.83,2025-10-24 08:53:32
650,long_pants,0.86,2025-10-24 08:53:32
651,outer,0.74,2025-11-01 17:46:39
652,skirt,0.9,2025-11-01 17:46:39
653,sweater,0.93,2025-11-19 06:41:16
654,shorts,0.86,2025-11-19 06:41:16
655,t-shirt,0.86,2025-11-04 13:43:29
656,shorts,0.83,2025-11-04 13:43:29
657,t-shirt,0.75,2025-10-26 21:14:49
658,long_pants,0.75,2025-10-26 21:14:49
659,blouse,0.85,2025-10-27 12:54:00
660,long_pants,0.8,2025-10-27 12:54:00
661,sweater,0.89,2025-11-04 12:58:16
662,long_pants,0.97,2025-11-04 12:58:16
663,shirt,0.95,2025-11-03 15:41:37
664,shorts,0.7,2025-11-03 15:41:37
665,outer,0.9,2025-11-22 19:31:02
666,shorts,0.75,2025-11-22 19:31:02
667,sweater,0.91,2025-10-28 11:08:33
668,long_pants,0.84,2025-10-28 11:08:33
669,sweater,0.77,2025-11-15 23:29:05
670,skirt,0.81,2025-11-15 23:29:05
671,blouse,0.89,2025-11-02 11:11:00
672,long_pants,0.79,2025-11-02 11:11:00
673,outer,0.99,2025-11-01 19:29:48
674,long_pants,0.85,2025-11-01 19:29:48
675,outer,0.83,2025-11-07 07:03:19
676,long_pants,0.88,2025-11-07 07:03:19
677,sweater,0.99,2025-11-19 13:00:05
678,long_pants,0.76,2025-11-19 13:00:05
679,sweater,0.77,2025-10-30 11:25:07
680,skirt,0.73,2025-10-30 11:25:07
681,outer,0.77,2025-11-05 21:45:48
682,long_pants,0.81,2025-11-05 21:45:48
683,shirt,0.77,2025-11-09 15:35:09
684,skirt,0.95,2025-11-09 15:35:09
685,blouse,0.99,2025-11-18 14:52:08
686,long_pants,0.98,2025-11-18 14:52:08
687,shirt,0.77,2025-10-28 18:03:31
688,skirt,0.71,2025-10-28 18:03:31
689,t-shirt,0.73,2025-11-11 22:11:57
690,shorts,0.89,2025-11-11 22:11:57
691,sweater,0.7,2025-11-15 22:28:46
692,shorts,0.96,2025-11-15 22:28:46
693,shirt,0.91,2025-11-19 20:26:48
694,long_pants,0.98,2025-11-19 20:26:48
695,t-shirt,0.72,2025-11-05 10:50:41
696,shorts,0.84,2025-11-05 10:50:41
697,sweater,0.82,2025-11-11 14:34:30
698,skirt,0.95,2025-11-11 14:34:30
699,t-shirt,0.71,2025-11-15 17:41:53
700,long_pants,0.96,2025-11-15 17:41:53
701,sweater,0.84,2025-11-09 14:28:40
702,long_pants,0.87,2025-11-09 14:28:40
703,shirt,0.89,2025-10-30 17:03:57
704,shorts,0.84,2025-10-30 17:03:57
705,t-shirt,0.8,2025-11-18 13:11:51
706,shorts,0.78,2025-11-18 13:11:51
707,t-shirt,0.91,2025-11-14 17:27:19
708,shorts,0.97,2025-11-14 17:27:19
709,outer,0.95,2025-10-28 15:53:23
710,long_pants,0.86,2025-10-28 15:53:23
711,t-shirt,0.95,2025-10-25 15:34:26
712,long_pants,0.99,2025-10-25 15:34:26
713,outer,0.85,2025-11-01 10:11:19
714,shorts,0.89,2025-11-01 10:11:19
715,shirt,0.9,2025-11-23 19:28:32
716,long_pants,0.96,2025-11-23 19:28:32
717,shirt,0.83,2025-11-07 08:23:04
718,long_pants,0.8,2025-11-07 08:23:04
719,t-shirt,0.87,2025-11-21 12:54:49
720,shorts,0.8,2025-11-21 12:54:49
721,t-shirt,0.89,2025-11-12 08:17:17
722,shorts,0.8,2025-11-12 08:17:17
723,outer,0.75,2025-11-21 11:04:06
724,shorts,0.73,2025-11-21 11:04:06
725,sweater,0.77,2025-11-03 11:32:40
726,long_pants,0.96,2025-11-03 11:32:40
727,t-shirt,0.87,2025-11-09 13:06:47
728,shorts,0.95,2025-11-09 13:06:47
729,blouse,0.76,2025-10-25 17:23:02
730,long_pants,0.79,2025-10-25 17:23:02
731,outer,0.84,2025-11-02 22:05:31
732,long_pants,0.9,2025-11-02 22:05:31
733,blouse,0.85,2025-10-25 09:11:58
734,long_pants,0.81,2025-10-25 09:11:58
735,outer,0.76,2025-11-13 06:42:47
736,skirt,0.71,2025-11-13 06:42:47
737,t-shirt,0.75,2025-11-17 19:48:30
738,skirt,0.98,2025-11-17 19:48:30
739,outer,0.92,2025-11-10 09:23:02
740,skirt,0.95,2025-11-10 09:23:02
741,outer,0.89,2025-10-31 20:50:52
742,long_pants,0.71,2025-10-31 20:50:52
743,t-shirt,0.89,2025-11-09 15:34:03
744,long_pants,0.93,2025-11-09 15:34:03
745,t-shirt,0.74,2025-11-14 17:37:52
746,shorts,0.8,2025-11-14 17:37:52
747,t-shirt,0.78,2025-11-21 23:00:44
748,shorts,0.74,2025-11-21 23:00:44
749,t-shirt,0.95,2025-10-30 23:56:26
750,skirt,0.95,2025-10-30 23:56:26
751,outer,0.89,2025-10-27 20:04:11
752,long_pants,0.7,2025-10-27 20:04:11
753,shirt,0.9,2025-11-04 13:28:11
754,long_pants,0.89,2025-11-04 13:28:11
755,outer,0.76,2025-10-29 13:13:47
756,shorts,0.76,2025-10-29 13:13:47
757,outer,0.82,2025-11-01 09:08:10
758,shorts,0.94,2025-11-01 09:08:10
759,t-shirt,0.91,2025-11-21 13:02:10
760,long_pants,0.8,2025-11-21 13:02:10
761,outer,0.82,2025-11-12 07:10:05
762,skirt,0.94,2025-11-12 07:10:05
763,t-shirt,0.81,2025-11-19 15:04:09
764,shorts,0.84,2025-11-19 15:04:09
765,t-shirt,0.94,2025-11-14 17:54:09
766,skirt,0.71,2025-11-14 17:54:09
767,outer,0.76,2025-11-16 20:17:58
768,shorts,0.97,2025-11-16 20:17:58
769,t-shirt,0.74,2025-10-26 17:19:11
770,shorts,0.87,2025-10-26 17:19:11
771,blouse,0.83,2025-11-07 07:43:12
772,long_pants,0.88,2025-11-07 07:43:12
773,outer,0.78,2025-11-04 10:07:07
774,shorts,0.94,2025-11-04 10:07:07
775,outer,0.88,2025-10-24 22:17:38
776,long_pants,0.85,2025-10-24 22:17:38
777,shirt,0.78,2025-11-02 14:50:36
778,long_pants,0.72,2025-11-02 14:50:36
779,t-shirt,0.93,2025-11-08 23:02:43
780,skirt,0.9,2025-11-08 23:02:43
781,shirt,0.95,2025-10-27 08:07:37
782,long_pants,0.88,2025-10-27 08:07:37
783,sweater,0.79,2025-11-18 06:01:58
784,long_pants,0.86,2025-11-18 06:01:58
785,outer,0.76,2025-11-09 20:39:24
786,long_pants,0.94,2025-11-09 20:39:24
787,outer,0.98,2025-11-03 07:55:08
788,skirt,0.92,2025-11-03 07:55:08
789,blouse,0.91,2025-11-17 14:49:12
790,skirt,0.91,2025-11-17 14:49:12
791,t-shirt,0.83,2025-11-18 16:53:48
792,shorts,0.98,2025-11-18 16:53:48
793,outer,0.81,2025-11-18 18:56:15
794,skirt,0.76,2025-11-18 18:56:15
795,t-shirt,0.8,2025-11-09 23:14:48
796,long_pants,0.85,2025-11-09 23:14:48
797,t-shirt,0.95,2025-10-24 20:25:19
798,skirt,0.76,2025-10-24 20:25:19
799,t-shirt,0.86,2025-11-07 19:12:52
800,long_pants,0.91,2025-11-07 19:12:52
801,t-shirt,0.98,2025-11-21 12:59:10
802,shorts,0.72,2025-11-21 12:59:10
803,sweater,0.76,2025-11-11 12:57:16
804,shorts,0.72,2025-11-11 12:57:16
805,outer,0.72,2025-11-06 19:52:34
806,long_pants,0.7,2025-11-06 19:52:34
807,outer,0.76,2025-10-29 08:20:14
808,long_pants,0.94,2025-10-29 08:20:14
809,outer,0.71,2025-11-18 19:25:52
810,skirt,0.85,2025-11-18 19:25:52
811,t-shirt,0.78,2025-10-30 13:09:29
812,shorts,0.98,2025-10-30 13:09:29
813,t-shirt,0.71,2025-11-08 09:21:23
814,long_pants,0.86,2025-11-08 09:21:23
815,outer,0.81,2025-10-29 20:39:05
816,shorts,0.7,2025-10-29 20:39:05
817,t-shirt,0.78,2025-11-20 17:06:25
818,long_pants,0.76,2025-11-20 17:06:25
819,t-shirt,0.8,2025-11-24 14:34:26
820,long_pants,0.82,2025-11-24 14:34:26
821,blouse,0.78,2025-11-05 09:16:09
822,skirt,0.9,2025-11-05 09:16:09
823,blouse,0.77,2025-11-05 11:59:18
824,shorts,0.9,2025-11-05 11:59:18
825,sweater,0.98,2025-11-22 06:41:51
826,shorts,0.9,2025-11-22 06:41:51
827,sweater,0.95,2025-11-23 21:03:07
828,skirt,0.98,2025-11-23 21:03:07
829,shirt,0.95,2025-10-31 22:17:51
830,long_pants,0.89,2025-10-31 22:17:51
831,sweater,0.93,2025-11-05 20:11:51
832,long_pants,0.94,2025-11-05 20:11:51
833,outer,0.83,2025-11-20 23:50:45
834,skirt,0.77,2025-11-20 23:50:45
835,t-shirt,0.71,2025-11-15 21:53:26
836,skirt,0.81,2025-11-15 21:53:26
837,outer,0.86,2025-10-30 17:12:49
838,skirt,0.83,2025-10-30 17:12:49
839,shirt,0.85,2025-11-14 16:00:53
840,shorts,0.89,2025-11-14 16:00:53
841,sweater,0.84,2025-11-22 20:53:39
842,skirt,0.9,2025-11-22 20:53:39
843,outer,0.79,2025-10-31 19:43:01
844,skirt,0.85,2025-10-31 19:43:01
845,outer,0.75,2025-11-14 12:05:35
846,shorts,0.8,2025-11-14 12:05:35
847,outer,0.81,2025-11-13 17:22:20
848,long_pants,0.72,2025-11-13 17:22:20
849,outer,0.95,2025-11-23 20:07:41
850,shorts,0.89,2025-11-23 20:07:41
851,sweater,0.87,2025-11-06 15:56:24
852,shorts,0.93,2025-11-06 15:56:24
853,sweater,0.71,2025-11-07 11:51:22
854,shorts,0.86,2025-11-07 11:51:22
855,outer,0.88,2025-10-29 20:40:42
856,long_pants,0.9,2025-10-29 20:40:42
857,outer,0.92,2025-10-31 10:16:01
858,long_pants,0.76,2025-10-31 10:16:01
859,outer,0.94,2025-11-16 16:29:44
860,skirt,0.78,2025-11-16 16:29:44
861,shirt,0.82,2025-11-06 23:04:45
862,long_pants,0.94,2025-11-06 23:04:45
863,t-shirt,0.77,2025-11-10 13:11:09
864,shorts,0.96,2025-11-10 13:11:09
865,t-shirt,0.77,2025-10-29 22:37:39
866,long_pants,0.87,2025-10-29 22:37:39
867,shirt,0.93,2025-11-09 23:17:32
868,long_pants,0.77,2025-11-09 23:17:32
869,t-shirt,0.71,2025-11-18 10:35:06
870,long_pants,0.84,2025-11-18 10:35:06
871,outer,0.82,2025-10-30 18:12:21
872,long_pants,0.96,2025-10-30 18:12:21
873,sweater,0.87,2025-11-21 18:21:55
874,long_pants,0.84,2025-11-21 18:21:55
875,t-shirt,0.92,2025-11-01 19:50:43
876,long_pants,0.81,2025-11-01 19:50:43
877,t-shirt,0.95,2025-10-30 12:18:14
878,long_pants,0.81,2025-10-30 12:18:14
879,outer,0.72,2025-11-14 20:34:56
880,long_pants,0.74,2025-11-14 20:34:56
881,t-shirt,0.93,2025-11-23 07:46:19
882,skirt,0.73,2025-11-23 07:46:19
883,sweater,0.71,2025-11-02 09:04:05
884,shorts,0.97,2025-11-02 09:04:05
885,sweater,0.95,2025-11-03 06:44:12
886,long_pants,0.91,2025-11-03 06:44:12
887,t-shirt,0.72,2025-10-27 14:14:09
888,long_pants,0.98,2025-10-27 14:14:09
889,t-shirt,0.74,2025-10-28 16:55:46
890,skirt,0.82,2025-10-28 16:55:46
891,blouse,0.99,2025-11-09 16:07:15
892,long_pants,0.72,2025-11-09 16:07:15
893,blouse,0.94,2025-11-14 07:20:47
894,long_pants,0.98,2025-11-14 07:20:47
895,sweater,0.8,2025-11-01 15:25:40
896,long_pants,0.95,2025-11-01 15:25:40
897,t-shirt,0.86,2025-11-09 15:45:21
898,shorts,0.96,2025-11-09 15:45:21
899,blouse,0.73,2025-10-26 10:27:22
900,shorts,0.84,2025-10-26 10:27:22
901,t-shirt,0.9,2025-11-11 23:39:55
902,long_pants,0.94,2025-11-11 23:39:55
903,outer,0.77,2025-10-30 15:45:56
904,shorts,0.78,2025-10-30 15:45:56
905,t-shirt,0.77,2025-11-23 14:29:50
906,skirt,0.83,2025-11-23 14:29:50
907,sweater,0.9,2025-10-24 09:14:42
908,long_pants,0.87,2025-10-24 09:14:42
909,t-shirt,0.86,2025-10-25 11:47:43
910,long_pants,0.79,2025-10-25 11:47:43
911,blouse,0.76,2025-10-24 20:13:31
912,long_pants,0.91,2025-10-24 20:13:31
913,t-shirt,0.71,2025-11-05 15:25:54
914,skirt,0.94,2025-11-05 15:25:54
915,outer,0.8,2025-11-12 07:45:30
916,long_pants,0.89,2025-11-12 07:45:30
917,blouse,0.89,2025-11-12 14:26:42
918,shorts,0.7,2025-11-12 14:26:42
919,outer,0.86,2025-11-11 20:48:08
920,long_pants,0.84,2025-11-11 20:48:08
921,sweater,0.89,2025-10-26 08:29:20
922,skirt,0.77,2025-10-26 08:29:20
923,outer,0.92,2025-11-06 16:04:05
924,shorts,0.81,2025-11-06 16:04:05
925,shirt,0.81,2025-11-18 12:10:47
926,shorts,0.93,2025-11-18 12:10:47
927,shirt,0.88,2025-11-03 17:47:05
928,shorts,0.73,2025-11-03 17:47:05
929,t-shirt,0.96,2025-10-24 22:48:20
930,long_pants,0.86,2025-10-24 22:48:20
931,t-shirt,0.94,2025-11-18 21:44:18
932,long_pants,0.75,2025-11-18 21:44:18
933,t-shirt,0.77,2025-11-03 10:49:59
934,long_pants,0.96,2025-11-03 10:49:59
935,shirt,0.83,2025-10-25 17:17:52
936,long_pants,0.84,2025-10-25 17:17:52
937,sweater,0.99,2025-11-11 07:46:00
938,long_pants,0.91,2025-11-11 07:46:00
939,t-shirt,0.71,2025-11-24 23:22:08
940,skirt,0.89,2025-11-24 23:22:08
941,sweater,0.84,2025-11-03 20:27:08
942,long_pants,0.79,2025-11-03 20:27:08
943,outer,0.73,2025-11-13 10:19:53
944,shorts,0.98,2025-11-13 10:19:53
945,t-shirt,0.92,2025-11-10 23:46:37
946,long_pants,0.71,2025-11-10 23:46:37
947,sweater,0.82,2025-11-15 22:22:29
948,long_pants,0.79,2025-11-15 22:22:29
949,t-shirt,0.75,2025-11-14 18:49:17
950,long_pants,0.79,2025-11-14 18:49:17
951,outer,0.93,2025-10-30 07:29:20
952,skirt,0.73,2025-10-30 07:29:20
953,t-shirt,0.9,2025-10-31 14:51:35
954,long_pants,0.94,2025-10-31 14:51:35
955,t-shirt,0.97,2025-10-30 11:29:25
956,shorts,0.95,2025-10-30 11:29:25
957,outer,0.97,2025-11-20 12:22:44
958,shorts,0.94,2025-11-20 12:22:44
959,t-shirt,0.71,2025-11-24 20:37:46
960,long_pants,0.72,2025-11-24 20:37:46
961,blouse,0.84,2025-11-21 08:26:46
962,long_pants,0.85,2025-11-21 08:26:46
963,t-shirt,0.97,2025-11-09 19:31:51
964,long_pants,0.98,2025-11-09 19:31:51
965,shirt,0.71,2025-10-28 11:07:56
966,shorts,0.85,2025-10-28 11:07:56
967,outer,0.94,2025-10-28 08:07:21
968,long_pants,0.96,2025-10-28 08:07:21
969,t-shirt,0.96,2025-11-12 10:33:15
970,shorts,0.75,2025-11-12 10:33:15
971,t-shirt,0.93,2025-11-24 22:03:47
972,shorts,0.83,2025-11-24 22:03:47
973,t-shirt,0.83,2025-10-24 12:44:53
974,shorts,0.71,2025-10-24 12:44:53
975,sweater,0.77,2025-11-12 08:10:05
976,long_pants,0.86,2025-11-12 08:10:05
977,sweater,0.87,2025-11-05 06:41:53
978,long_pants,0.9,2025-11-05 06:41:53
979,t-shirt,0.84,2025-11-24 18:33:15
980,long_pants,0.83,2025-11-24 18:33:15
981,outer,0.85,2025-11-14 06:58:50
982,shorts,0.92,2025-11-14 06:58:50
983,sweater,0.92,2025-11-08 07:31:03
984,long_pants,0.97,2025-11-08 07:31:03
985,t-shirt,0.95,2025-11-09 12:18:41
986,shorts,0.96,2025-11-09 12:18:41
987,t-shirt,0.78,2025-11-15 21:07:07
988,long_pants,0.71,2025-11-15 21:07:07
989,t-shirt,0.88,2025-11-16 22:19:51
990,long_pants,0.84,2025-11-16 22:19:51
991,t-shirt,0.81,2025-10-30 16:33:47
992,shorts,0.72,2025-10-30 16:33:47
993,t-shirt,0.79,2025-11-07 13:05:32
994,long_pants,0.88,2025-11-07 13:05:32
995,t-shirt,0.79,2025-11-03 14:39:25
996,shorts,0.74,2025-11-03 14:39:25
997,sweater,0.8,2025-10-31 11:21:10
998,shorts,0.95,2025-10-31 11:21:10
999,t-shirt,0.85,2025-11-15 21:08:29
1000,skirt,0.91,2025-11-15 21:08:29
1001,sweater,0.84,2025-11-13 23:05:46
1002,skirt,0.84,2025-11-13 23:05:46
1003,t-shirt,0.79,2025-11-19 15:54:23
1004,long_pants,0.88,2025-11-19 15:54:23
1005,sweater,0.83,2025-11-19 20:02:30
1006,shorts,0.82,2025-11-19 20:02:30
1007,outer,0.74,2025-11-22 15:42:46
1008,long_pants,0.88,2025-11-22 15:42:46
1009,outer,0.84,2025-10-26 06:45:22
1010,long_pants,0.94,2025-10-26 06:45:22
1011,outer,0.93,2025-11-22 13:08:11
1012,long_pants,0.82,2025-11-22 13:08:11
1013,sweater,0.87,2025-10-29 08:53:50
1014,long_pants,0.93,2025-10-29 08:53:50
1015,t-shirt,0.86,2025-11-06 15:41:02
1016,skirt,0.93,2025-11-06 15:41:02
1017,shirt,0.77,2025-10-27 15:11:00
1018,shorts,0.83,2025-10-27 15:11:00
1019,t-shirt,0.93,2025-11-19 13:51:40
1020,shorts,0.7,2025-11-19 13:51:40
1021,blouse,0.78,2025-10-24 13:06:06
1022,long_pants,0.9,2025-10-24 13:06:06
1023,t-shirt,0.83,2025-10-27 13:39:05
1024,shorts,0.7,2025-10-27 13:39:05
1025,sweater,0.73,2025-10-24 20:15:43
1026,skirt,0.83,2025-10-24 20:15:43
1027,blouse,0.93,2025-10-28 22:56:26
1028,long_pants,0.81,2025-10-28 22:56:26
1029,outer,0.93,2025-11-23 09:13:45
1030,long_pants,0.84,2025-11-23 09:13:45
1031,shirt,0.87,2025-11-17 19:39:45
1032,long_pants,0.87,2025-11-17 19:39:45
1033,t-shirt,0.85,2025-11-23 07:39:08
1034,long_pants,0.98,2025-11-23 07:39:08
1035,shirt,0.76,2025-11-24 08:22:42
1036,long_pants,0.73,2025-11-24 08:22:42
1037,shirt,0.75,2025-11-19 11:05:50
1038,shorts,0.84,2025-11-19 11:05:50
1039,outer,0.84,2025-10-30 19:35:18
1040,shorts,0.9,2025-10-30 19:35:18
1041,t-shirt,0.91,2025-11-14 23:39:14
1042,shorts,0.89,2025-11-14 23:39:14
1043,t-shirt,0.75,2025-11-17 23:35:55
1044,shorts,0.82,2025-11-17 23:35:55
1045,sweater,0.81,2025-11-22 08:57:09
1046,shorts,0.74,2025-11-22 08:57:09
1047,blouse,0.84,2025-11-08 12:26:46
1048,shorts,0.9,2025-11-08 12:26:46
1049,outer,0.72,2025-11-19 23:18:27
1050,skirt,0.75,2025-11-19 23:18:27
1051,outer,0.98,2025-11-22 06:06:58
1052,skirt,0.98,2025-11-22 06:06:58
1053,sweater,0.93,2025-11-16 17:34:15
1054,skirt,0.8,2025-11-16 17:34:15
1055,shirt,0.85,2025-10-26 21:11:10
1056,skirt,0.72,2025-10-26 21:11:10
1057,t-shirt,0.77,2025-10-30 21:32:03
1058,long_pants,0.81,2025-10-30 21:32:03
1059,outer,0.95,2025-10-31 09:05:14
1060,long_pants,0.82,2025-10-31 09:05:14
1061,outer,0.87,2025-11-11 21:16:58
1062,shorts,0.94,2025-11-11 21:16:58
1063,t-shirt,0.85,2025-11-24 23:33:23
1064,long_pants,0.98,2025-11-24 23:33:23
1065,outer,0.91,2025-11-13 23:39:46
1066,long_pants,0.94,2025-11-13 23:39:46
1067,sweater,0.72,2025-11-03 08:31:35
1068,long_pants,0.85,2025-11-03 08:31:35
1069,t-shirt,0.77,2025-11-09 10:05:13
1070,long_pants,0.92,2025-11-09 10:05:13
1071,sweater,0.96,2025-11-10 07:23:08
1072,skirt,0.99,2025-11-10 07:23:08
1073,t-shirt,0.75,2025-11-01 17:18:05
1074,long_pants,0.8,2025-11-01 17:18:05
1075,blouse,0.7,2025-11-05 14:42:13
1076,skirt,0.95,2025-11-05 14:42:13
1077,blouse,0.91,2025-10-28 21:48:03
1078,long_pants,0.72,2025-10-28 21:48:03
1079,shirt,0.99,2025-11-15 10:52:50
1080,skirt,0.95,2025-11-15 10:52:50
1081,t-shirt,0.7,2025-11-22 17:04:43
1082,skirt,0.95,2025-11-22 17:04:43
1083,sweater,0.9,2025-11-21 18:25:41
1084,long_pants,0.8,2025-11-21 18:25:41
1085,blouse,0.78,2025-11-15 14:20:18
1086,skirt,0.88,2025-11-15 14:20:18
1087,outer,0.82,2025-11-24 13:09:21
1088,shorts,0.88,2025-11-24 13:09:21
1089,t-shirt,0.77,2025-11-02 17:13:12
1090,long_pants,0.8,2025-11-02 17:13:12
1091,sweater,0.94,2025-10-31 10:50:59
1092,shorts,0.82,2025-10-31 10:50:59
1093,t-shirt,0.91,2025-11-20 06:25:22
1094,long_pants,0.7,2025-11-20 06:25:22
1095,sweater,0.77,2025-10-26 12:27:28
1096,long_pants,0.98,2025-10-26 12:27:28
1097,sweater,0.76,2025-11-17 21:41:41
1098,long_pants,0.85,2025-11-17 21:41:41
1099,t-shirt,0.94,2025-11-02 22:02:05
1100,long_pants,0.9,2025-11-02 22:02:05
1101,sweater,0.98,2025-11-04 09:20:49
1102,skirt,0.86,2025-11-04 09:20:49
1103,shirt,0.73,2025-11-20 17:32:22
1104,shorts,0.87,2025-11-20 17:32:22
1105,blouse,0.86,2025-11-01 20:38:21
1106,long_pants,0.81,2025-11-01 20:38:21
1107,t-shirt,0.76,2025-11-24 14:58:07
1108,shorts,0.9,2025-11-24 14:58:07
1109,t-shirt,0.71,2025-11-01 23:46:23
1110,shorts,0.72,2025-11-01 23:46:23
1111,outer,0.9,2025-11-04 21:54:24
1112,long_pants,0.74,2025-11-04 21:54:24
1113,outer,0.83,2025-11-10 17:47:49
1114,skirt,0.82,2025-11-10 17:47:49
1115,t-shirt,0.72,2025-11-09 16:37:29
1116,shorts,0.7,2025-11-09 16:37:29
1117,outer,0.84,2025-11-24 13:42:11
1118,shorts,0.71,2025-11-24 13:42:11
1119,sweater,0.89,2025-10-29 08:33:47
1120,shorts,0.8,2025-10-29 08:33:47
1121,shirt,0.78,2025-10-24 23:57:03
1122,shorts,0.93,2025-10-24 23:57:03
1123,t-shirt,0.94,2025-11-23 17:12:03
1124,shorts,0.85,2025-11-23 17:12:03
1125,t-shirt,0.79,2025-11-17 10:22:52
1126,long_pants,0.8,2025-11-17 10:22:52
1127,t-shirt,0.78,2025-11-16 19:10:18
1128,skirt,0.85,2025-11-16 19:10:18
1129,sweater,0.92,2025-11-10 14:53:19
1130,long_pants,0.76,2025-11-10 14:53:19
1131,t-shirt,0.73,2025-11-11 12:19:16
1132,shorts,0.74,2025-11-11 12:19:16
1133,t-shirt,0.73,2025-11-07 21:19:45
1134,skirt,0.83,2025-11-07 21:19:45
1135,outer,0.72,2025-10-25 06:42:55
1136,shorts,0.8,2025-10-25 06:42:55
1137,outer,0.85,2025-10-29 11:00:15
1138,shorts,0.82,2025-10-29 11:00:15
1139,t-shirt,0.71,2025-11-24 06:51:19
1140,shorts,0.84,2025-11-24 06:51:19
1141,t-shirt,0.85,2025-11-19 14:05:49
1142,long_pants,0.78,2025-11-19 14:05:49
1143,outer,0.96,2025-11-02 23:55:16
1144,skirt,0.98,2025-11-02 23:55:16
1145,t-shirt,0.72,2025-11-02 22:48:25
1146,shorts,0.95,2025-11-02 22:48:25
1147,sweater,0.92,2025-11-24 12:06:14
1148,shorts,0.79,2025-11-24 12:06:14
1149,t-shirt,0.72,2025-11-16 20:29:49
1150,long_pants,0.72,2025-11-16 20:29:49
1151,sweater,0.89,2025-11-22 22:44:16
1152,long_pants,0.94,2025-11-22 22:44:16
1153,outer,0.83,2025-10-29 20:15:31
1154,shorts,0.71,2025-10-29 20:15:31
1155,sweater,0.81,2025-11-18 19:31:43
1156,long_pants,0.97,2025-11-18 19:31:43
1157,t-shirt,0.79,2025-11-01 11:12:44
1158,shorts,0.97,2025-11-01 11:12:44
1159,t-shirt,0.86,2025-11-06 11:02:18
1160,shorts,0.81,2025-11-06 11:02:18
1161,outer,0.84,2025-11-09 08:01:16
1162,long_pants,0.78,2025-11-09 08:01:16
1163,t-shirt,0.92,2025-11-16 13:55:25
1164,skirt,0.89,2025-11-16 13:55:25
1165,shirt,0.77,2025-11-13 13:22:01
1166,long_pants,0.95,2025-11-13 13:22:01
1167,outer,0.92,2025-11-22 19:28:40
1168,long_pants,0.9,2025-11-22 19:28:40
1169,outer,0.8,2025-11-08 08:41:50
1170,long_pants,0.92,2025-11-08 08:41:50
1171,t-shirt,0.92,2025-11-02 22:05:33
1172,shorts,0.92,2025-11-02 22:05:33
1173,t-shirt,0.94,2025-11-05 17:41:18
1174,shorts,0.78,2025-11-05 17:41:18
1175,shirt,0.98,2025-11-01 09:17:38
1176,long_pants,0.84,2025-11-01 09:17:38
1177,outer,0.89,2025-10-27 17:54:23
1178,shorts,0.76,2025-10-27 17:54:23
1179,sweater,0.86,2025-11-05 20:39:21
1180,skirt,0.98,2025-11-05 20:39:21
1181,shirt,0.87,2025-11-22 15:49:10
1182,skirt,0.71,2025-11-22 15:49:10
1183,outer,0.93,2025-11-12 21:54:33
1184,shorts,0.81,2025-11-12 21:54:33
1185,t-shirt,0.93,2025-11-04 21:55:48
1186,long_pants,0.85,2025-11-04 21:55:48
1187,outer,0.85,2025-11-05 17:27:17
1188,skirt,0.95,2025-11-05 17:27:17
1189,t-shirt,0.99,2025-10-27 13:38:21
1190,long_pants,0.96,2025-10-27 13:38:21
1191,t-shirt,0.92,2025-11-16 23:18:34
1192,skirt,0.91,2025-11-16 23:18:34
1193,sweater,0.93,2025-11-12 14:41:40
1194,skirt,0.98,2025-11-12 14:41:40
1195,t-shirt,0.83,2025-11-19 11:18:07
1196,long_pants,0.92,2025-11-19 11:18:07
1197,outer,0.95,2025-11-10 19:14:31
1198,shorts,0.81,2025-11-10 19:14:31
1199,outer,0.92,2025-11-19 23:01:16
1200,long_pants,0.87,2025-11-19 23:01:16
1201,sweater,0.91,2025-11-01 08:53:35
1202,shorts,0.72,2025-11-01 08:53:35
1203,outer,0.97,2025-11-13 20:22:10
1204,long_pants,0.91,2025-11-13 20:22:10
1205,sweater,0.98,2025-11-11 09:18:34
1206,long_pants,0.72,2025-11-11 09:18:34
1207,outer,0.92,2025-11-19 18:23:11
1208,long_pants,0.8,2025-11-19 18:23:11
1209,outer,0.91,2025-10-28 21:58:40
1210,skirt,0.93,2025-10-28 21:58:40
1211,shirt,0.87,2025-10-28 14:38:31
1212,long_pants,0.87,2025-10-28 14:38:31
1213,t-shirt,0.74,2025-11-21 13:44:21
1214,long_pants,0.91,2025-11-21 13:44:21
1215,outer,0.81,2025-10-30 14:28:30
1216,shorts,0.98,2025-10-30 14:28:30
1217,sweater,0.92,2025-11-16 09:30:03
1218,shorts,0.92,2025-11-16 09:30:03
1219,sweater,0.87,2025-11-14 11:07:28
1220,skirt,0.74,2025-11-14 11:07:28
1221,outer,0.93,2025-11-06 08:31:59
1222,shorts,0.82,2025-11-06 08:31:59
1223,sweater,0.83,2025-11-17 09:11:58
1224,shorts,0.78,2025-11-17 09:11:58
1225,outer,0.94,2025-11-05 07:41:58
1226,shorts,0.77,2025-11-05 07:41:58
1227,outer,0.92,2025-11-03 19:01:55
1228,long_pants,0.98,2025-11-03 19:01:55
1229,t-shirt,0.87,2025-10-30 20:10:33
1230,shorts,0.98,2025-10-30 20:10:33
1231,t-shirt,0.85,2025-11-11 23:40:34
1232,skirt,0.91,2025-11-11 23:40:34
1233,outer,0.94,2025-11-21 20:26:49
1234,long_pants,0.96,2025-11-21 20:26:49
1235,shirt,0.76,2025-10-31 12:49:57
1236,long_pants,0.89,2025-10-31 12:49:57
1237,sweater,0.78,2025-11-03 19:08:24
1238,long_pants,0.91,2025-11-03 19:08:24
1239,sweater,0.9,2025-11-06 08:02:05
1240,shorts,0.73,2025-11-06 08:02:05
1241,t-shirt,0.7,2025-11-11 18:44:42
1242,long_pants,0.95,2025-11-11 18:44:42
1243,sweater,0.88,2025-11-14 19:58:24
1244,shorts,0.83,2025-11-14 19:58:24
1245,outer,0.89,2025-11-22 08:44:34
1246,skirt,0.94,2025-11-22 08:44:34
1247,shirt,0.9,2025-11-12 16:32:21
1248,long_pants,0.84,2025-11-12 16:32:21
1249,outer,0.95,2025-11-06 22:32:22
1250,skirt,0.93,2025-11-06 22:32:22
1251,shirt,0.79,2025-11-19 08:30:58
1252,skirt,0.76,2025-11-19 08:30:58
1253,outer,0.72,2025-10-30 13:05:56
1254,long_pants,0.7,2025-10-30 13:05:56
1255,outer,0.96,2025-10-28 17:30:51
1256,shorts,0.78,2025-10-28 17:30:51
1257,t-shirt,0.86,2025-10-25 15:23:57
1258,skirt,0.87,2025-10-25 15:23:57
1259,outer,0.89,2025-11-01 20:08:04
1260,skirt,0.95,2025-11-01 20:08:04
1261,outer,0.94,2025-11-18 07:32:17
1262,shorts,0.88,2025-11-18 07:32:17
1263,t-shirt,0.84,2025-11-10 06:28:14
1264,long_pants,0.84,2025-11-10 06:28:14
1265,t-shirt,0.83,2025-11-03 20:21:38
1266,skirt,0.88,2025-11-03 20:21:38
1267,sweater,0.91,2025-10-28 07:14:00
1268,long_pants,0.81,2025-10-28 07:14:00
1269,sweater,0.82,2025-11-07 22:08:25
1270,long_pants,0.7,2025-11-07 22:08:25
1271,shirt,0.74,2025-11-23 15:36:37
1272,long_pants,0.97,2025-11-23 15:36:37
1273,blouse,0.84,2025-11-10 18:52:45
1274,long_pants,0.81,2025-11-10 18:52:45
1275,t-shirt,0.74,2025-11-06 23:08:10
1276,long_pants,0.98,2025-11-06 23:08:10
1277,sweater,0.97,2025-11-19 08:48:42
1278,long_pants,0.73,2025-11-19 08:48:42
1279,outer,0.95,2025-10-25 14:10:51
1280,long_pants,0.88,2025-10-25 14:10:51
1281,sweater,0.91,2025-10-25 06:08:44
1282,long_pants,0.96,2025-10-25 06:08:44
1283,outer,0.77,2025-10-30 20:41:46
1284,skirt,0.76,2025-10-30 20:41:46
1285,blouse,0.83,2025-11-23 08:21:10
1286,long_pants,0.95,2025-11-23 08:21:10
1287,outer,0.77,2025-11-07 18:24:26
1288,long_pants,0.89,2025-11-07 18:24:26
1289,t-shirt,0.83,2025-11-10 18:23:42
1290,long_pants,0.91,2025-11-10 18:23:42
1291,sweater,0.8,2025-11-23 13:34:20
1292,shorts,0.94,2025-11-23 13:34:20
1293,blouse,0.93,2025-11-11 20:50:07
1294,long_pants,0.93,2025-11-11 20:50:07
1295,t-shirt,0.82,2025-11-10 18:05:33
1296,long_pants,0.92,2025-11-10 18:05:33
1297,shirt,0.91,2025-11-17 22:19:41
1298,skirt,0.86,2025-11-17 22:19:41
1299,outer,0.93,2025-10-28 23:43:06
1300,long_pants,0.82,2025-10-28 23:43:06
1301,outer,0.84,2025-11-11 07:44:06
1302,long_pants,0.75,2025-11-11 07:44:06
1303,sweater,0.94,2025-11-12 13:43:35
1304,skirt,0.87,2025-11-12 13:43:35
1305,t-shirt,0.71,2025-11-04 16:58:49
1306,shorts,0.81,2025-11-04 16:58:49
1307,t-shirt,0.78,2025-10-27 08:10:38
1308,long_pants,0.92,2025-10-27 08:10:38
1309,outer,0.75,2025-10-30 23:45:48
1310,shorts,0.85,2025-10-30 23:45:48
1311,outer,0.7,2025-11-23 06:40:12
1312,skirt,0.87,2025-11-23 06:40:12
1313,sweater,0.81,2025-11-04 20:43:56
1314,long_pants,0.88,2025-11-04 20:43:56
1315,t-shirt,0.74,2025-11-11 16:22:34
1316,skirt,0.78,2025-11-11 16:22:34
1317,blouse,0.86,2025-11-18 19:39:46
1318,long_pants,0.85,2025-11-18 19:39:46
1319,blouse,0.76,2025-11-17 09:36:42
1320,long_pants,0.79,2025-11-17 09:36:42
1321,t-shirt,0.72,2025-11-19 15:30:56
1322,shorts,0.9,2025-11-19 15:30:56
1323,outer,0.92,2025-11-12 19:10:40
1324,long_pants,0.88,2025-11-12 19:10:40
1325,t-shirt,0.76,2025-10-25 12:20:58
1326,skirt,0.88,2025-10-25 12:20:58
1327,shirt,0.82,2025-11-19 13:48:44
1328,shorts,0.71,2025-11-19 13:48:44
1329,shirt,0.79,2025-10-29 11:28:41
1330,shorts,0.87,2025-10-29 11:28:41
1331,t-shirt,0.78,2025-11-09 19:27:21
1332,long_pants,0.71,2025-11-09 19:27:21
1333,shirt,0.89,2025-11-21 16:32:09
1334,shorts,0.91,2025-11-21 16:32:09
1335,outer,0.74,2025-10-30 19:21:52
1336,shorts,0.91,2025-10-30 19:21:52
1337,shirt,0.95,2025-11-04 17:58:11
1338,skirt,0.71,2025-11-04 17:58:11
1339,t-shirt,0.93,2025-11-15 23:40:38
1340,long_pants,0.89,2025-11-15 23:40:38
1341,t-shirt,0.72,2025-11-15 06:56:06
1342,long_pants,0.81,2025-11-15 06:56:06
1343,shirt,0.73,2025-11-05 23:24:35
1344,shorts,0.72,2025-11-05 23:24:35
1345,outer,0.87,2025-10-24 11:30:34
1346,shorts,0.71,2025-10-24 11:30:34
1347,outer,0.79,2025-11-24 19:27:36
1348,shorts,0.89,2025-11-24 19:27:36
1349,t-shirt,0.77,2025-11-21 14:55:55
1350,shorts,0.71,2025-11-21 14:55:55
1351,outer,0.86,2025-11-15 09:40:07
1352,long_pants,0.92,2025-11-15 09:40:07
1353,t-shirt,0.89,2025-11-05 10:32:13
1354,skirt,0.78,2025-11-05 10:32:13
1355,outer,0.72,2025-11-20 08:59:45
1356,long_pants,0.92,2025-11-20 08:59:45
1357,t-shirt,0.79,2025-11-05 15:03:40
1358,long_pants,0.9,2025-11-05 15:03:40
1359,t-shirt,0.78,2025-11-23 10:33:31
1360,skirt,0.96,2025-11-23 10:33:31
1361,shirt,0.78,2025-11-01 06:53:19
1362,skirt,0.8,2025-11-01 06:53:19
1363,outer,0.95,2025-10-30 16:34:46
1364,long_pants,0.76,2025-10-30 16:34:46
1365,sweater,0.81,2025-10-27 21:33:55
1366,shorts,0.97,2025-10-27 21:33:55
1367,outer,0.88,2025-11-18 13:41:20
1368,skirt,0.72,2025-11-18 13:41:20
1369,outer,0.74,2025-11-20 08:31:41
1370,long_pants,0.71,2025-11-20 08:31:41
1371,t-shirt,0.94,2025-11-24 11:22:59
1372,skirt,0.83,2025-11-24 11:22:59
1373,sweater,0.94,2025-10-28 20:28:40
1374,shorts,0.95,2025-10-28 20:28:40
1375,t-shirt,0.71,2025-11-20 11:35:11
1376,long_pants,0.77,2025-11-20 11:35:11
1377,outer,0.87,2025-11-10 09:45:45
1378,long_pants,0.72,2025-11-10 09:45:45
1379,t-shirt,0.77,2025-11-21 14:45:58
1380,shorts,0.81,2025-11-21 14:45:58
1381,shirt,0.81,2025-10-28 12:55:33
1382,shorts,0.79,2025-10-28 12:55:33
1383,outer,0.92,2025-11-20 19:20:29
1384,long_pants,0.76,2025-11-20 19:20:29
1385,t-shirt,0.72,2025-11-03 13:42:28
1386,skirt,0.89,2025-11-03 13:42:28
1387,shirt,0.72,2025-10-26 19:18:28
1388,shorts,0.71,2025-10-26 19:18:28
1389,t-shirt,0.76,2025-11-12 15:39:17
1390,skirt,0.82,2025-11-12 15:39:17
1391,outer,0.96,2025-10-30 18:14:19
1392,long_pants,0.75,2025-10-30 18:14:19
1393,t-shirt,0.95,2025-11-22 12:55:57
1394,shorts,0.73,2025-11-22 12:55:57
1395,t-shirt,0.89,2025-10-25 13:44:48
1396,shorts,0.77,2025-10-25 13:44:48
1397,outer,0.95,2025-11-15 17:42:23
1398,shorts,0.98,2025-11-15 17:42:23
1399,outer,0.84,2025-11-12 09:28:59
1400,shorts,0.85,2025-11-12 09:28:59
1401,shirt,0.74,2025-10-29 20:10:19
1402,shorts,0.73,2025-10-29 20:10:19
1403,sweater,0.92,2025-10-31 20:11:11
1404,long_pants,0.72,2025-10-31 20:11:11
1405,blouse,0.78,2025-11-01 23:28:09
1406,shorts,0.86,2025-11-01 23:28:09
1407,sweater,0.74,2025-11-03 07:47:04
1408,shorts,0.89,2025-11-03 07:47:04
1409,sweater,0.83,2025-11-02 19:19:29
1410,skirt,0.83,2025-11-02 19:19:29
1411,t-shirt,0.92,2025-11-14 12:42:38
1412,shorts,0.86,2025-11-14 12:42:38
1413,t-shirt,0.77,2025-11-24 12:10:57
1414,long_pants,0.74,2025-11-24 12:10:57
1415,outer,0.77,2025-11-12 19:22:48
1416,long_pants,0.95,2025-11-12 19:22:48
1417,sweater,0.86,2025-11-13 09:08:20
1418,long_pants,0.77,2025-11-13 09:08:20
1419,shirt,0.74,2025-11-13 10:30:38
1420,shorts,0.96,2025-11-13 10:30:38
1421,sweater,0.88,2025-11-03 21:14:27
1422,shorts,0.83,2025-11-03 21:14:27
1423,sweater,0.85,2025-11-24 16:25:33
1424,skirt,0.78,2025-11-24 16:25:33
1425,t-shirt,0.74,2025-10-28 23:54:30
1426,skirt,0.82,2025-10-28 23:54:30
1427,outer,0.71,2025-11-14 18:51:02
1428,long_pants,0.73,2025-11-14 18:51:02
1429,sweater,0.9,2025-10-29 10:32:04
1430,long_pants,0.99,2025-10-29 10:32:04
1431,t-shirt,0.84,2025-11-02 16:20:41
1432,shorts,0.76,2025-11-02 16:20:41
1433,shirt,0.78,2025-11-03 11:03:12
1434,long_pants,0.91,2025-11-03 11:03:12
1435,t-shirt,0.97,2025-10-29 11:59:25
1436,long_pants,0.94,2025-10-29 11:59:25
1437,sweater,0.71,2025-11-09 17:32:11
1438,skirt,0.71,2025-11-09 17:32:11
1439,outer,0.8,2025-11-19 13:02:38
1440,shorts,0.78,2025-11-19 13:02:38
1441,outer,0.77,2025-11-23 10:50:52
1442,skirt,0.9,2025-11-23 10:50:52
1443,sweater,0.88,2025-11-11 18:48:31
1444,skirt,0.77,2025-11-11 18:48:31
1445,outer,0.94,2025-10-30 19:25:45
1446,long_pants,0.83,2025-10-30 19:25:45
1447,sweater,0.83,2025-11-06 15:06:14
1448,shorts,0.86,2025-11-06 15:06:14
1449,outer,0.77,2025-11-05 07:14:57
1450,skirt,0.79,2025-11-05 07:14:57
1451,sweater,0.78,2025-10-25 23:16:39
1452,long_pants,0.84,2025-10-25 23:16:39
1453,outer,0.81,2025-11-18 17:26:33
1454,shorts,0.89,2025-11-18 17:26:33
1455,t-shirt,0.96,2025-11-12 13:36:47
1456,long_pants,0.72,2025-11-12 13:36:47
1457,sweater,0.7,2025-11-13 09:09:01
1458,long_pants,0.97,2025-11-13 09:09:01
1459,outer,0.89,2025-10-24 19:59:20
1460,long_pants,0.9,2025-10-24 19:59:20
1461,t-shirt,0.72,2025-11-15 11:21:21
1462,skirt,0.8,2025-11-15 11:21:21
1463,t-shirt,0.81,2025-10-28 12:02:59
1464,skirt,0.84,2025-10-28 12:02:59
1465,sweater,0.79,2025-11-08 17:39:36
1466,shorts,0.96,2025-11-08 17:39:36
1467,outer,0.94,2025-10-24 11:55:08
1468,skirt,0.84,2025-10-24 11:55:08
1469,sweater,0.91,2025-11-01 10:18:36
1470,skirt,0.74,2025-11-01 10:18:36
1471,sweater,0.97,2025-11-06 22:57:34
1472,long_pants,0.88,2025-11-06 22:57:34
1473,t-shirt,0.72,2025-11-05 12:53:17
1474,shorts,0.82,2025-11-05 12:53:17
1475,t-shirt,0.98,2025-11-20 10:39:38
1476,skirt,0.95,2025-11-20 10:39:38
1477,t-shirt,0.82,2025-11-19 20:23:51
1478,skirt,0.72,2025-11-19 20:23:51
1479,shirt,0.85,2025-11-07 11:03:33
1480,shorts,0.79,2025-11-07 11:03:33
1481,t-shirt,0.92,2025-11-18 08:44:33
1482,long_pants,0.75,2025-11-18 08:44:33
1483,t-shirt,0.73,2025-11-02 19:28:28
1484,shorts,0.93,2025-11-02 19:28:28
1485,outer,0.83,2025-11-02 11:42:13
1486,shorts,0.91,2025-11-02 11:42:13
1487,shirt,0.96,2025-11-09 20:19:52
1488,shorts,0.79,2025-11-09 20:19:52
1489,t-shirt,0.75,2025-11-15 22:39:07
1490,shorts,0.84,2025-11-15 22:39:07
1491,outer,0.95,2025-11-05 18:43:39
1492,long_pants,0.83,2025-11-05 18:43:39
1493,sweater,0.72,2025-10-30 11:51:19
1494,shorts,0.92,2025-10-30 11:51:19
1495,sweater,0.79,2025-11-17 12:44:13
1496,shorts,0.94,2025-11-17 12:44:13
1497,t-shirt,0.96,2025-11-23 14:16:43
1498,long_pants,0.79,2025-11-23 14:16:43
1499,outer,0.94,2025-10-26 19:11:27
1500,long_pants,0.97,2025-10-26 19:11:27
1501,blouse,0.87,2025-11-16 20:13:57
1502,long_pants,0.98,2025-11-16 20:13:57
1503,shirt,0.92,2025-10-29 08:37:15
1504,long_pants,0.79,2025-10-29 08:37:15
1505,t-shirt,0.97,2025-10-29 17:17:33
1506,shorts,0.76,2025-10-29 17:17:33
1507,sweater,0.97,2025-11-03 08:26:53
1508,shorts,0.81,2025-11-03 08:26:53
1509,shirt,0.86,2025-10-31 12:37:27
1510,shorts,0.88,2025-10-31 12:37:27
1511,sweater,0.91,2025-10-29 11:07:42
1512,shorts,0.8,2025-10-29 11:07:42
1513,sweater,0.71,2025-11-04 13:00:40
1514,shorts,0.76,2025-11-04 13:00:40
1515,sweater,0.85,2025-10-25 14:45:41
1516,skirt,0.95,2025-10-25 14:45:41
1517,t-shirt,0.94,2025-10-24 15:54:55
1518,long_pants,0.83,2025-10-24 15:54:55
1519,outer,0.98,2025-11-22 15:48:04
1520,long_pants,0.98,2025-11-22 15:48:04
1521,t-shirt,0.8,2025-11-16 15:01:20
1522,shorts,0.72,2025-11-16 15:01:20
1523,outer,0.82,2025-11-24 18:57:32
1524,skirt,0.95,2025-11-24 18:57:32
1525,blouse,0.98,2025-11-17 16:06:03
1526,shorts,0.94,2025-11-17 16:06:03
1527,outer,0.73,2025-11-06 12:06:27
1528,shorts,0.92,2025-11-06 12:06:27
1529,shirt,0.79,2025-11-07 15:42:38
1530,skirt,0.96,2025-11-07 15:42:38
1531,t-shirt,0.89,2025-10-28 22:42:36
1532,long_pants,0.76,2025-10-28 22:42:36
1533,t-shirt,0.98,2025-10-27 10:05:53
1534,shorts,0.76,2025-10-27 10:05:53
1535,t-shirt,0.86,2025-10-30 10:06:06
1536,shorts,0.74,2025-10-30 10:06:06
1537,t-shirt,0.95,2025-11-11 16:16:56
1538,skirt,0.93,2025-11-11 16:16:56
1539,shirt,0.72,2025-10-28 15:45:06
1540,shorts,0.94,2025-10-28 15:45:06
1541,outer,0.9,2025-10-26 22:36:10
1542,long_pants,0.95,2025-10-26 22:36:10
1543,t-shirt,0.78,2025-11-06 06:37:58
1544,shorts,0.82,2025-11-06 06:37:58
1545,t-shirt,0.98,2025-11-07 10:28:55
1546,shorts,0.72,2025-11-07 10:28:55
1547,outer,0.86,2025-10-28 21:45:04
1548,long_pants,0.86,2025-10-28 21:45:04
1549,sweater,0.94,2025-10-28 12:46:28
1550,shorts,0.79,2025-10-28 12:46:28
1551,t-shirt,0.91,2025-11-20 16:16:06
1552,shorts,0.98,2025-11-20 16:16:06
1553,t-shirt,0.89,2025-11-24 20:43:40
1554,long_pants,0.95,2025-11-24 20:43:40
1555,sweater,0.86,2025-10-26 19:22:17
1556,long_pants,0.72,2025-10-26 19:22:17
1557,shirt,0.87,2025-11-19 16:15:35
1558,skirt,0.94,2025-11-19 16:15:35
1559,outer,0.79,2025-11-09 08:02:34
1560,long_pants,0.83,2025-11-09 08:02:34
1561,shirt,0.89,2025-10-28 17:41:06
1562,skirt,0.79,2025-10-28 17:41:06
1563,shirt,0.97,2025-11-11 18:34:30
1564,skirt,0.71,2025-11-11 18:34:30
1565,t-shirt,0.95,2025-10-26 20:12:52
1566,long_pants,0.95,2025-10-26 20:12:52
1567,shirt,0.78,2025-10-30 18:44:51
1568,long_pants,0.96,2025-10-30 18:44:51
1569,sweater,0.75,2025-11-18 09:13:09
1570,long_pants,0.98,2025-11-18 09:13:09
1571,sweater,0.74,2025-11-10 13:08:18
1572,long_pants,0.95,2025-11-10 13:08:18
1573,t-shirt,0.71,2025-10-28 15:45:54
1574,long_pants,0.85,2025-10-28 15:45:54
1575,t-shirt,0.9,2025-11-13 19:17:24
1576,skirt,0.75,2025-11-13 19:17:24
1577,shirt,0.8,2025-11-21 16:06:35
1578,long_pants,0.71,2025-11-21 16:06:35
1579,t-shirt,0.87,2025-11-20 15:13:18
1580,shorts,0.94,2025-11-20 15:13:18
1581,sweater,0.79,2025-11-16 17:23:35
1582,long_pants,0.82,2025-11-16 17:23:35
1583,sweater,0.81,2025-10-30 19:02:02
1584,skirt,0.9,2025-10-30 19:02:02
1585,t-shirt,0.89,2025-10-25 18:50:13
1586,long_pants,0.76,2025-10-25 18:50:13
1587,outer,0.93,2025-11-05 16:37:03
1588,skirt,0.85,2025-11-05 16:37:03
1589,outer,0.83,2025-10-24 09:08:38
1590,skirt,0.79,2025-10-24 09:08:38
1591,outer,0.76,2025-11-24 09:51:13
1592,shorts,0.87,2025-11-24 09:51:13
1593,sweater,0.84,2025-11-10 19:56:38
1594,long_pants,0.88,2025-11-10 19:56:38
1595,t-shirt,0.99,2025-11-14 11:55:56
1596,long_pants,0.75,2025-11-14 11:55:56
1597,t-shirt,0.75,2025-11-20 06:22:13
1598,shorts,0.89,2025-11-20 06:22:13
1599,outer,0.86,2025-11-01 18:18:32
1600,long_pants,0.72,2025-11-01 18:18:32
1601,outer,0.71,2025-11-09 14:54:31
1602,long_pants,0.78,2025-11-09 14:54:31
1603,outer,0.83,2025-11-05 06:38:16
1604,skirt,0.71,2025-11-05 06:38:16
1605,outer,0.77,2025-11-12 22:00:51
1606,long_pants,0.78,2025-11-12 22:00:51
1607,outer,0.74,2025-11-03 18:05:06
1608,shorts,0.98,2025-11-03 18:05:06
1609,outer,0.92,2025-10-30 19:05:35
1610,skirt,0.77,2025-10-30 19:05:35
1611,t-shirt,0.89,2025-11-12 12:50:34
1612,long_pants,0.7,2025-11-12 12:50:34
1613,sweater,0.81,2025-11-08 06:31:12
1614,shorts,0.89,2025-11-08 06:31:12
1615,t-shirt,0.87,2025-11-01 08:44:38
1616,shorts,0.94,2025-11-01 08:44:38
1617,outer,0.72,2025-11-09 20:17:08
1618,long_pants,0.9,2025-11-09 20:17:08
1619,t-shirt,0.87,2025-11-11 22:50:12
1620,skirt,0.86,2025-11-11 22:50:12
1621,blouse,0.89,2025-11-24 16:39:26
1622,long_pants,0.7,2025-11-24 16:39:26
1623,sweater,0.94,2025-10-24 10:38:15
1624,skirt,0.89,2025-10-24 10:38:15
1625,t-shirt,0.87,2025-11-05 14:16:33
1626,skirt,0.72,2025-11-05 14:16:33
1627,t-shirt,0.85,2025-11-07 14:46:13
1628,shorts,0.93,2025-11-07 14:46:13
1629,outer,0.73,2025-11-05 20:34:40
1630,long_pants,0.84,2025-11-05 20:34:40
1631,outer,0.96,2025-11-09 21:29:41
1632,long_pants,0.76,2025-11-09 21:29:41
1633,sweater,0.79,2025-11-15 18:08:43
1634,long_pants,0.97,2025-11-15 18:08:43
1635,blouse,0.92,2025-10-24 17:34:26
1636,long_pants,0.87,2025-10-24 17:34:26
1637,t-shirt,0.76,2025-10-27 12:21:38
1638,long_pants,0.98,2025-10-27 12:21:38
1639,outer,0.88,2025-11-09 18:40:08
1640,skirt,0.86,2025-11-09 18:40:08
1641,shirt,0.74,2025-10-28 14:23:15
1642,shorts,0.87,2025-10-28 14:23:15
1643,shirt,0.85,2025-11-03 18:15:39
1644,shorts,0.99,2025-11-03 18:15:39
1645,outer,0.8,2025-10-25 17:30:24
1646,shorts,0.89,2025-10-25 17:30:24
1647,outer,0.77,2025-11-19 07:40:34
1648,long_pants,0.85,2025-11-19 07:40:34
1649,outer,0.85,2025-10-28 13:38:46
1650,skirt,0.88,2025-10-28 13:38:46
1651,outer,0.72,2025-10-30 06:49:42
1652,shorts,0.81,2025-10-30 06:49:42
1653,sweater,0.96,2025-11-21 18:12:46
1654,long_pants,0.95,2025-11-21 18:12:46
1655,sweater,0.93,2025-11-04 06:56:22
1656,long_pants,0.72,2025-11-04 06:56:22
1657,t-shirt,0.93,2025-11-02 23:40:53
1658,long_pants,0.72,2025-11-02 23:40:53
1659,sweater,0.74,2025-11-23 10:43:28
1660,long_pants,0.83,2025-11-23 10:43:28
1661,t-shirt,0.9,2025-11-06 23:21:26
1662,long_pants,0.92,2025-11-06 23:21:26
1663,t-shirt,0.88,2025-11-22 13:53:21
1664,long_pants,0.85,2025-11-22 13:53:21
1665,t-shirt,0.8,2025-11-19 16:29:48
1666,skirt,0.86,2025-11-19 16:29:48
1667,t-shirt,0.95,2025-11-08 18:29:01
1668,skirt,0.83,2025-11-08 18:29:01
1669,sweater,0.79,2025-11-09 07:59:56
1670,shorts,0.94,2025-11-09 07:59:56
1671,t-shirt,0.84,2025-11-16 23:02:25
1672,skirt,0.79,2025-11-16 23:02:25
1673,t-shirt,0.7,2025-11-19 17:31:17
1674,shorts,0.71,2025-11-19 17:31:17
1675,outer,0.97,2025-11-10 20:35:39
1676,shorts,0.75,2025-11-10 20:35:39
1677,outer,0.81,2025-11-20 14:56:39
1678,shorts,0.89,2025-11-20 14:56:39
1679,sweater,0.82,2025-10-30 14:36:33
1680,shorts,0.87,2025-10-30 14:36:33
1681,sweater,0.71,2025-11-14 09:16:04
1682,skirt,0.83,2025-11-14 09:16:04
1683,t-shirt,0.83,2025-11-09 06:34:08
1684,long_pants,0.79,2025-11-09 06:34:08
1685,outer,0.71,2025-11-15 15:19:38
1686,skirt,0.83,2025-11-15 15:19:38
1687,blouse,0.76,2025-11-16 16:36:05
1688,long_pants,0.74,2025-11-16 16:36:05
1689,t-shirt,0.85,2025-11-08 17:43:44
1690,shorts,0.88,2025-11-08 17:43:44
1691,t-shirt,0.84,2025-11-13 21:44:57
1692,skirt,0.83,2025-11-13 21:44:57
1693,t-shirt,0.97,2025-11-22 16:45:40
1694,long_pants,0.9,2025-11-22 16:45:40
1695,t-shirt,0.81,2025-11-24 22:12:47
1696,long_pants,0.87,2025-11-24 22:12:47
1697,sweater,0.9,2025-11-04 09:18:37
1698,long_pants,0.85,2025-11-04 09:18:37
1699,shirt,0.87,2025-11-13 11:21:11
1700,shorts,0.77,2025-11-13 11:21:11
1701,sweater,0.89,2025-10-31 13:00:11
1702,shorts,0.97,2025-10-31 13:00:11
1703,outer,0.8,2025-11-13 18:28:51
1704,long_pants,0.73,2025-11-13 18:28:51
1705,outer,0.8,2025-11-20 18:16:52
1706,skirt,0.76,2025-11-20 18:16:52
1707,t-shirt,0.74,2025-11-21 12:27:34
1708,shorts,0.76,2025-11-21 12:27:34
1709,t-shirt,0.93,2025-11-04 13:51:52
1710,shorts,0.95,2025-11-04 13:51:52
1711,shirt,0.77,2025-10-29 13:19:52
1712,shorts,0.98,2025-10-29 13:19:52
1713,t-shirt,0.87,2025-11-04 16:54:34
1714,long_pants,0.74,2025-11-04 16:54:34
1715,outer,0.72,2025-10-28 12:20:35
1716,long_pants,0.84,2025-10-28 12:20:35
1717,outer,0.7,2025-11-01 19:06:58
1718,long_pants,0.8,2025-11-01 19:06:58
1719,t-shirt,0.8,2025-11-13 10:49:55
1720,shorts,0.84,2025-11-13 10:49:55
1721,t-shirt,0.8,2025-11-24 13:48:46
1722,long_pants,0.82,2025-11-24 13:48:46
1723,shirt,0.75,2025-11-18 15:41:37
1724,shorts,0.88,2025-11-18 15:41:37
1725,shirt,0.87,2025-11-06 10:25:00
1726,skirt,0.99,2025-11-06 10:25:00
1727,shirt,0.77,2025-10-25 23:05:39
1728,long_pants,0.91,2025-10-25 23:05:39
1729,outer,0.96,2025-11-07 21:06:23
1730,long_pants,0.72,2025-11-07 21:06:23
1731,sweater,0.77,2025-11-12 07:55:32
1732,long_pants,0.83,2025-11-12 07:55:32
1733,shirt,0.94,2025-10-27 06:11:27
1734,long_pants,0.99,2025-10-27 06:11:27
1735,sweater,0.92,2025-11-21 13:11:16
1736,shorts,0.87,2025-11-21 13:11:16
1737,sweater,0.92,2025-11-05 08:34:35
1738,long_pants,0.75,2025-11-05 08:34:35
1739,outer,0.83,2025-11-18 06:17:38
1740,shorts,0.93,2025-11-18 06:17:38
1741,outer,0.72,2025-10-24 22:30:35
1742,long_pants,0.93,2025-10-24 22:30:35
1743,outer,0.85,2025-11-10 15:56:02
1744,long_pants,0.79,2025-11-10 15:56:02
1745,shirt,0.73,2025-11-20 13:59:48
1746,long_pants,0.86,2025-11-20 13:59:48
1747,outer,0.89,2025-10-25 13:24:02
1748,shorts,0.86,2025-10-25 13:24:02
1749,sweater,0.96,2025-11-07 22:13:41
1750,long_pants,0.89,2025-11-07 22:13:41
1751,sweater,0.92,2025-11-19 06:43:20
1752,long_pants,0.97,2025-11-19 06:43:20
1753,sweater,0.76,2025-11-11 07:44:52
1754,long_pants,0.86,2025-11-11 07:44:52
1755,outer,0.96,2025-11-18 23:34:50
1756,shorts,0.74,2025-11-18 23:34:50
1757,sweater,0.86,2025-11-20 10:04:34
1758,shorts,0.7,2025-11-20 10:04:34
1759,outer,0.7,2025-11-13 20:20:55
1760,shorts,0.72,2025-11-13 20:20:55
1761,outer,0.87,2025-11-12 13:20:05
1762,shorts,0.71,2025-11-12 13:20:05
1763,outer,0.94,2025-11-17 14:58:32
1764,long_pants,0.71,2025-11-17 14:58:32
1765,outer,0.87,2025-10-27 21:53:04
1766,long_pants,0.8,2025-10-27 21:53:04
1767,shirt,0.78,2025-11-23 06:02:52
1768,long_pants,0.78,2025-11-23 06:02:52
1769,outer,0.78,2025-11-15 07:59:14
1770,long_pants,0.71,2025-11-15 07:59:14
1771,t-shirt,0.99,2025-11-01 21:41:37
1772,long_pants,0.97,2025-11-01 21:41:37
1773,t-shirt,0.76,2025-10-27 13:00:22
1774,shorts,0.79,2025-10-27 13:00:22
1775,sweater,0.85,2025-11-11 18:58:43
1776,long_pants,0.72,2025-11-11 18:58:43
1777,t-shirt,0.8,2025-11-04 10:43:12
1778,skirt,0.78,2025-11-04 10:43:12
1779,outer,0.91,2025-11-19 08:25:57
1780,skirt,0.86,2025-11-19 08:25:57
1781,t-shirt,0.76,2025-11-22 20:24:31
1782,skirt,0.79,2025-11-22 20:24:31
1783,shirt,0.83,2025-11-22 17:21:11
1784,shorts,0.74,2025-11-22 17:21:11
1785,shirt,0.83,2025-11-02 19:23:42
1786,skirt,0.96,2025-11-02 19:23:42
1787,shirt,0.97,2025-10-30 16:36:48
1788,shorts,0.81,2025-10-30 16:36:48
1789,sweater,0.85,2025-10-29 07:11:59
1790,long_pants,0.74,2025-10-29 07:11:59
1791,t-shirt,0.83,2025-10-27 10:15:46
1792,shorts,0.91,2025-10-27 10:15:46
1793,shirt,0.99,2025-11-16 10:14:45
1794,shorts,0.87,2025-11-16 10:14:45
1795,shirt,0.85,2025-11-13 13:41:54
1796,skirt,0.9,2025-11-13 13:41:54
1797,sweater,0.98,2025-11-20 17:26:24
1798,long_pants,0.82,2025-11-20 17:26:24
1799,sweater,0.73,2025-11-07 20:10:27
1800,shorts,0.79,2025-11-07 20:10:27
1801,t-shirt,0.94,2025-11-03 12:16:52
1802,long_pants,0.71,2025-11-03 12:16:52
1803,outer,0.7,2025-11-07 08:08:42
1804,long_pants,0.95,2025-11-07 08:08:42
1805,t-shirt,0.93,2025-11-09 11:57:39
1806,shorts,0.97,2025-11-09 11:57:39
1807,t-shirt,0.86,2025-11-16 23:15:50
1808,skirt,0.81,2025-11-16 23:15:50
1809,sweater,0.97,2025-10-24 12:12:42
1810,shorts,0.85,2025-10-24 12:12:42
1811,sweater,0.97,2025-11-01 09:31:21
1812,long_pants,0.8,2025-11-01 09:31:21
1813,sweater,0.95,2025-11-08 10:02:52
1814,skirt,0.89,2025-11-08 10:02:52
1815,shirt,0.77,2025-10-27 11:13:07
1816,long_pants,0.85,2025-10-27 11:13:07
1817,t-shirt,0.75,2025-11-11 23:26:04
1818,skirt,0.79,2025-11-11 23:26:04
1819,shirt,0.9,2025-11-24 13:59:08
1820,shorts,0.94,2025-11-24 13:59:08
1821,shirt,0.96,2025-10-28 21:34:17
1822,long_pants,0.74,2025-10-28 21:34:17
1823,t-shirt,0.79,2025-11-05 13:17:49
1824,skirt,0.98,2025-11-05 13:17:49
1825,outer,0.93,2025-11-22 20:28:20
1826,shorts,0.85,2025-11-22 20:28:20
1827,sweater,0.98,2025-11-05 23:45:37
1828,long_pants,0.89,2025-11-05 23:45:37
1829,sweater,0.94,2025-11-14 20:07:51
1830,skirt,0.86,2025-11-14 20:07:51
1831,sweater,0.7,2025-11-23 06:30:44
1832,long_pants,0.99,2025-11-23 06:30:44
1833,t-shirt,0.89,2025-11-03 22:37:58
1834,long_pants,0.96,2025-11-03 22:37:58
1835,t-shirt,0.85,2025-11-02 06:59:45
1836,skirt,0.72,2025-11-02 06:59:45
1837,t-shirt,0.92,2025-10-27 12:27:08
1838,skirt,0.73,2025-10-27 12:27:08
1839,blouse,0.9,2025-10-27 15:53:49
1840,long_pants,0.9,2025-10-27 15:53:49
1841,outer,0.77,2025-11-08 18:05:34
1842,long_pants,0.93,2025-11-08 18:05:34
1843,shirt,0.83,2025-10-31 14:50:45
1844,shorts,0.87,2025-10-31 14:50:45
1845,t-shirt,0.72,2025-11-15 20:47:45
1846,long_pants,0.96,2025-11-15 20:47:45
1847,sweater,0.92,2025-11-08 17:40:33
1848,skirt,0.91,2025-11-08 17:40:33
1849,blouse,0.78,2025-11-15 17:42:44
1850,shorts,0.91,2025-11-15 17:42:44
1851,sweater,0.83,2025-10-29 13:45:50
1852,long_pants,0.84,2025-10-29 13:45:50
1853,t-shirt,0.93,2025-11-01 20:33:44
1854,long_pants,0.94,2025-11-01 20:33:44
1855,outer,0.73,2025-11-03 20:46:24
1856,skirt,0.76,2025-11-03 20:46:24
1857,t-shirt,0.83,2025-10-31 11:44:17
1858,long_pants,0.73,2025-10-31 11:44:17
1859,t-shirt,0.82,2025-11-18 16:43:36
1860,long_pants,0.98,2025-11-18 16:43:36
1861,shirt,0.96,2025-11-08 08:44:07
1862,long_pants,0.75,2025-11-08 08:44:07
1863,shirt,0.89,2025-10-29 10:41:53
1864,shorts,0.75,2025-10-29 10:41:53
1865,sweater,0.87,2025-11-03 21:47:55
1866,long_pants,0.86,2025-11-03 21:47:55
1867,t-shirt,0.79,2025-11-16 06:04:18
1868,long_pants,0.94,2025-11-16 06:04:18
1869,shirt,0.88,2025-10-31 17:55:25
1870,long_pants,0.85,2025-10-31 17:55:25
1871,shirt,0.75,2025-11-04 21:47:16
1872,shorts,0.88,2025-11-04 21:47:16
1873,t-shirt,0.88,2025-11-22 16:13:16
1874,skirt,0.88,2025-11-22 16:13:16
1875,outer,0.95,2025-11-16 17:08:58
1876,shorts,0.83,2025-11-16 17:08:58
1877,outer,0.94,2025-11-06 13:28:02
1878,shorts,0.79,2025-11-06 13:28:02
1879,outer,0.94,2025-11-14 07:16:24
1880,skirt,0.85,2025-11-14 07:16:24
1881,blouse,0.84,2025-11-04 08:42:34
1882,skirt,0.96,2025-11-04 08:42:34
1883,sweater,0.87,2025-11-02 08:05:53
1884,shorts,0.96,2025-11-02 08:05:53
1885,t-shirt,0.71,2025-11-24 16:49:51
1886,shorts,0.81,2025-11-24 16:49:51
1887,sweater,0.81,2025-11-13 06:33:08
1888,long_pants,0.92,2025-11-13 06:33:08
1889,outer,0.9,2025-11-06 08:55:25
1890,long_pants,0.71,2025-11-06 08:55:25
1891,t-shirt,0.85,2025-11-15 14:18:48
1892,skirt,0.81,2025-11-15 14:18:48
1893,outer,0.87,2025-11-06 23:52:11
1894,long_pants,0.85,2025-11-06 23:52:11
1895,t-shirt,0.88,2025-10-24 13:32:28
1896,shorts,0.81,2025-10-24 13:32:28
1897,outer,0.72,2025-10-25 19:13:35
1898,shorts,0.75,2025-10-25 19:13:35
1899,sweater,0.78,2025-11-19 17:40:06
1900,long_pants,0.89,2025-11-19 17:40:06
1901,outer,0.71,2025-11-08 08:47:07
1902,long_pants,0.89,2025-11-08 08:47:07
1903,sweater,0.98,2025-10-24 22:01:59
1904,long_pants,0.82,2025-10-24 22:01:59
1905,t-shirt,0.92,2025-11-16 22:44:49
1906,long_pants,0.76,2025-11-16 22:44:49
1907,shirt,0.7,2025-11-09 14:20:18
1908,skirt,0.8,2025-11-09 14:20:18
1909,t-shirt,0.99,2025-11-23 06:25:36
1910,shorts,0.85,2025-11-23 06:25:36
1911,outer,0.85,2025-11-04 18:19:20
1912,long_pants,0.81,2025-11-04 18:19:20
1913,outer,0.98,2025-11-07 21:21:58
1914,long_pants,0.97,2025-11-07 21:21:58
1915,t-shirt,0.81,2025-11-05 20:40:20
1916,long_pants,0.89,2025-11-05 20:40:20
1917,t-shirt,0.99,2025-11-09 08:57:55
1918,long_pants,0.72,2025-11-09 08:57:55
1919,t-shirt,0.79,2025-11-13 20:01:47
1920,long_pants,0.72,2025-11-13 20:01:47
1921,sweater,0.72,2025-11-16 06:16:56
1922,skirt,0.82,2025-11-16 06:16:56
1923,sweater,0.87,2025-11-17 10:28:41
1924,long_pants,0.84,2025-11-17 10:28:41
1925,sweater,0.94,2025-10-31 09:15:24
1926,skirt,0.86,2025-10-31 09:15:24
1927,t-shirt,0.94,2025-10-26 22:05:16
1928,shorts,0.73,2025-10-26 22:05:16
1929,outer,0.88,2025-11-13 23:57:43
1930,long_pants,0.8,2025-11-13 23:57:43
1931,blouse,0.74,2025-11-13 16:42:36
1932,skirt,0.72,2025-11-13 16:42:36
1933,sweater,0.94,2025-10-29 15:10:47
1934,long_pants,0.92,2025-10-29 15:10:47
1935,outer,0.79,2025-11-17 10:16:01
1936,long_pants,0.94,2025-11-17 10:16:01
1937,t-shirt,0.91,2025-11-17 11:56:02
1938,skirt,0.77,2025-11-17 11:56:02
1939,t-shirt,0.72,2025-10-25 23:15:43
1940,long_pants,0.95,2025-10-25 23:15:43
1941,outer,0.89,2025-10-24 19:34:01
1942,long_pants,0.9,2025-10-24 19:34:01
1943,shirt,0.99,2025-10-28 07:43:39
1944,long_pants,0.87,2025-10-28 07:43:39
1945,sweater,0.89,2025-10-27 23:55:38
1946,shorts,0.74,2025-10-27 23:55:38
1947,outer,0.77,2025-10-28 14:15:41
1948,long_pants,0.8,2025-10-28 14:15:41
1949,outer,0.87,2025-11-23 18:50:25
1950,long_pants,0.8,2025-11-23 18:50:25
1951,shirt,0.79,2025-11-22 13:52:02
1952,skirt,0.92,2025-11-22 13:52:02
1953,outer,0.93,2025-11-05 18:22:58
1954,skirt,0.95,2025-11-05 18:22:58
1955,shirt,0.71,2025-10-30 22:23:49
1956,long_pants,0.82,2025-10-30 22:23:49
1957,sweater,0.84,2025-11-17 11:56:27
1958,shorts,0.85,2025-11-17 11:56:27
1959,sweater,0.9,2025-11-02 10:47:47
1960,shorts,0.96,2025-11-02 10:47:47
1961,sweater,0.84,2025-11-20 09:46:32
1962,long_pants,0.88,2025-11-20 09:46:32
1963,blouse,0.7,2025-10-27 16:08:40
1964,shorts,0.84,2025-10-27 16:08:40
1965,t-shirt,0.96,2025-11-17 23:52:09
1966,long_pants,0.93,2025-11-17 23:52:09
1967,outer,0.99,2025-11-08 09:00:02
1968,long_pants,0.9,2025-11-08 09:00:02
1969,outer,0.75,2025-10-27 22:31:30
1970,shorts,0.97,2025-10-27 22:31:30
1971,outer,0.85,2025-11-03 17:45:36
1972,skirt,0.77,2025-11-03 17:45:36
1973,sweater,0.95,2025-10-24 18:11:21
1974,long_pants,0.95,2025-10-24 18:11:21
1975,blouse,0.78,2025-11-23 12:12:04
1976,shorts,0.81,2025-11-23 12:12:04
1977,outer,0.84,2025-11-03 06:43:35
1978,long_pants,0.78,2025-11-03 06:43:35
1979,sweater,0.97,2025-11-13 22:00:54
1980,shorts,0.76,2025-11-13 22:00:54
1981,outer,0.74,2025-11-14 09:17:25
1982,long_pants,0.76,2025-11-14 09:17:25
1983,outer,0.75,2025-10-27 07:10:48
1984,long_pants,0.73,2025-10-27 07:10:48
1985,t-shirt,0.83,2025-11-11 16:14:56
1986,skirt,0.87,2025-11-11 16:14:56
1987,shirt,0.86,2025-11-14 12:00:07
1988,shorts,0.76,2025-11-14 12:00:07
1989,outer,0.8,2025-11-04 18:22:39
1990,long_pants,0.91,2025-11-04 18:22:39
1991,outer,0.84,2025-11-05 08:00:11
1992,skirt,0.82,2025-11-05 08:00:11
1993,sweater,0.75,2025-11-03 08:13:55
1994,long_pants,0.83,2025-11-03 08:13:55
1995,t-shirt,0.94,2025-11-10 07:21:42
1996,long_pants,0.79,2025-11-10 07:21:42
1997,t-shirt,0.92,2025-10-27 06:13:15
1998,skirt,0.76,2025-10-27 06:13:15
1999,outer,0.85,2025-11-04 12:40:42
2000,skirt,0.72,2025-11-04 12:40:42
